Sun Jul 19 14:01:05 2020,77,开始运行[全局邻域-检验重叠] 初始利用率,0.677115987460815
Sun Jul 19 14:01:10 2020,77,0,True,306.24,0.7053291536050157,"[0, 0, 0, 0, 0, 0, 0, 0, 0, 0, 0, 0, 0, 0, 0, 0, 0, 0, 0, 0, 0, 0, 0, 1, 0, 0, 0, 0]","[[[0.0, 10.0], [20.0, 0.0], [40.0, 10.0], [40.0, 40.0], [20.0, 50.0], [0.0, 40.0]], [[0.0, 60.0], [20.0, 50.0], [40.0, 60.0], [40.0, 90.0], [20.0, 100.0], [0.0, 90.0], [0.0, 60.0]], [[0.0, 110.0], [20.0, 100.0], [40.0, 110.0], [40.0, 140.0], [20.0, 150.0], [0.0, 140.0]], [[40.0, 10.0], [60.0, 0.0], [80.0, 10.0], [80.0, 40.0], [60.0, 50.0], [40.0, 40.0]], [[50.0, 50.0], [80.0, 50.0], [70.0, 70.0], [80.0, 90.0], [80.0, 100.0], [60.0, 100.0], [40.0, 80.0], [40.0, 60.0], [50.0, 50.0]], [[80.0, 100.0], [110.0, 100.0], [100.0, 120.0], [110.0, 140.0], [110.0, 150.0], [90.0, 150.0], [70.0, 130.0], [70.0, 110.0]], [[85.0, 50.0], [115.0, 50.0], [105.0, 70.0], [115.0, 90.0], [115.0, 100.0], [95.0, 100.0], [75.0, 80.0], [75.0, 60.0]], [[90.0, 0.0], [120.0, 0.0], [110.0, 20.0], [120.0, 40.0], [120.0, 50.0], [100.0, 50.0], [80.0, 30.0], [80.0, 10.0], [90.0, 0.0]], [[230.0, 102.0], [250.0, 102.0], [260.0, 112.0], [260.0, 132.0], [250.0, 142.0], [230.0, 142.0], [220.0, 132.0], [220.0, 112.0]], [[249.0, 50.0], [269.0, 50.0], [279.0, 60.0], [279.0, 80.0], [269.0, 90.0], [249.0, 90.0], [239.0, 80.0], [239.0, 60.0]], [[270.0, 89.0], [290.0, 89.0], [300.0, 99.0], [300.0, 119.0], [290.0, 129.0], [270.0, 129.0], [260.0, 119.0], [260.0, 99.0]], [[274.0, 0.0], [294.0, 0.0], [304.0, 10.0], [304.0, 30.0], [294.0, 40.0], [274.0, 40.0], [264.0, 30.0], [264.0, 10.0]], [[107.0, 66.0], [127.0, 76.0], [147.0, 66.0], [137.0, 86.0], [147.0, 116.0], [127.0, 106.0], [107.0, 116.0], [117.0, 96.0], [107.0, 66.0]], [[125.0, 15.0], [145.0, 25.0], [165.0, 15.0], [155.0, 35.0], [165.0, 65.0], [145.0, 55.0], [125.0, 65.0], [135.0, 45.0], [125.0, 15.0]], [[137.0, 86.0], [157.0, 96.0], [177.0, 86.0], [167.0, 106.0], [177.0, 136.0], [157.0, 126.0], [137.0, 136.0], [147.0, 116.0], [137.0, 86.0]], [[155.85714285714286, 33.71428571428572], [175.85714285714286, 43.71428571428572], [195.85714285714286, 33.71428571428572], [185.85714285714286, 53.71428571428572], [195.85714285714286, 83.71428571428572], [175.85714285714286, 73.71428571428572], [155.85714285714286, 83.71428571428572], [165.85714285714286, 63.71428571428572], [155.85714285714286, 33.71428571428572]], [[164.0, 0.0], [214.0, 0.0], [214.0, 50.0], [204.0, 50.0], [194.0, 30.0], [184.0, 20.0], [164.0, 10.0]], [[170.0, 100.0], [220.0, 100.0], [220.0, 150.0], [210.0, 150.0], [200.0, 130.0], [190.0, 120.0], [170.0, 110.0]], [[189.0, 52.0], [239.0, 52.0], [239.0, 102.0], [229.0, 102.0], [219.0, 82.0], [209.0, 72.0], [189.0, 62.0]], [[214.0, 0.0], [264.0, 0.0], [264.0, 50.0], [254.0, 50.0], [244.0, 30.0], [234.0, 20.0], [214.0, 10.0]], [[63.33333333333333, 120.0], [83.33333333333333, 150.0], [43.33333333333333, 150.0], [63.33333333333333, 120.0]], [[187.66666666666666, 120.0], [207.66666666666666, 150.0], [167.66666666666666, 150.0]], [[205.0, 70.0], [225.0, 100.0], [185.0, 100.0], [205.0, 70.0]], [[56.666666666666664, 130.0], [36.666666666666664, 100.0], [76.66666666666666, 100.0], [56.666666666666664, 130.0]], [[107.8, 115.6], [127.8, 115.6], [127.8, 135.6], [107.8, 135.6]], [[135.0, 0.0], [155.0, 0.0], [155.0, 20.0], [135.0, 20.0]], [[214.0, 20.0], [234.0, 20.0], [234.0, 40.0], [214.0, 40.0]], [[286.24, 40.0], [306.24, 40.0], [306.24, 60.0], [286.24, 60.0]]]"
Sun Jul 19 14:01:29 2020,77,0,True,293.9904,0.7347178683385579,"[0, 0, 0, 0, 1, 0, 0, 0, 0, 0, 0, 0, 0, 0, 0, 0, 0, 0, 1, 1, 0, 0, 0, 1, 0, 0, 0, 0]","[[[0.0, 10.0], [20.0, 0.0], [40.0, 10.0], [40.0, 40.0], [20.0, 50.0], [0.0, 40.0]], [[0.0, 105.0], [20.0, 95.0], [40.0, 105.0], [40.0, 135.0], [20.0, 145.0], [0.0, 135.0], [0.0, 105.0]], [[5.0, 57.5], [25.0, 47.5], [45.0, 57.5], [45.0, 87.5], [25.0, 97.5], [5.0, 87.5], [5.0, 57.5]], [[40.0, 10.0], [60.0, 0.0], [80.0, 10.0], [80.0, 40.0], [60.0, 50.0], [40.0, 40.0]], [[208.99040000000002, 70.0], [178.99040000000002, 70.0], [188.99040000000002, 50.0], [178.99040000000002, 30.0], [178.99040000000002, 20.0], [198.99040000000002, 20.0], [218.99040000000002, 40.0], [218.99040000000002, 60.0], [208.99040000000002, 70.0]], [[80.0, 100.0], [110.0, 100.0], [100.0, 120.0], [110.0, 140.0], [110.0, 150.0], [90.0, 150.0], [70.0, 130.0], [70.0, 110.0], [80.0, 100.0]], [[80.0, 50.0], [110.0, 50.0], [100.0, 70.0], [110.0, 90.0], [110.0, 100.0], [90.0, 100.0], [70.0, 80.0], [70.0, 60.0], [80.0, 50.0]], [[90.0, 0.0], [120.0, 0.0], [110.0, 20.0], [120.0, 40.0], [120.0, 50.0], [100.0, 50.0], [80.0, 30.0], [80.0, 10.0], [90.0, 0.0]], [[221.66666666666666, 60.0], [241.66666666666666, 60.0], [251.66666666666666, 70.0], [251.66666666666666, 90.0], [241.66666666666666, 100.0], [221.66666666666666, 100.0], [211.66666666666666, 90.0], [211.66666666666666, 70.0], [221.66666666666666, 60.0]], [[261.66666666666663, 59.49520000000001], [281.66666666666663, 59.49520000000001], [291.66666666666663, 69.49520000000001], [291.66666666666663, 89.49520000000001], [281.66666666666663, 99.49520000000001], [261.66666666666663, 99.49520000000001], [251.66666666666663, 89.49520000000001], [251.66666666666663, 69.49520000000001], [261.66666666666663, 59.49520000000001]], [[263.9904, 99.49520000000001], [283.9904, 99.49520000000001], [293.9904, 109.49520000000001], [293.9904, 129.4952], [283.9904, 139.4952], [263.9904, 139.4952], [253.99040000000002, 129.4952], [253.99040000000002, 109.49520000000001], [263.9904, 99.49520000000001]], [[263.9904, 0.0], [283.9904, 0.0], [293.9904, 10.0], [293.9904, 30.0], [283.9904, 40.0], [263.9904, 40.0], [253.99040000000002, 30.0], [253.99040000000002, 10.0]], [[102.0, 66.0], [122.0, 76.0], [142.0, 66.0], [132.0, 86.0], [142.0, 116.0], [122.0, 106.0], [102.0, 116.0], [112.0, 96.0], [102.0, 66.0]], [[113.32949333333335, 19.988480000000038], [133.32949333333335, 29.988480000000038], [153.32949333333335, 19.988480000000038], [143.32949333333335, 39.98848000000004], [153.32949333333335, 69.98848000000004], [133.32949333333335, 59.98848000000004], [113.32949333333335, 69.98848000000004], [123.32949333333335, 49.98848000000004], [113.32949333333335, 19.988480000000038]], [[133.0, 84.0], [153.0, 94.0], [173.0, 84.0], [163.0, 104.0], [173.0, 134.0], [153.0, 124.0], [133.0, 134.0], [143.0, 114.0], [133.0, 84.0]], [[143.65706666666668, 39.333333333333314], [163.65706666666668, 49.333333333333314], [183.65706666666668, 39.333333333333314], [173.65706666666668, 59.333333333333314], [183.65706666666668, 89.33333333333331], [163.65706666666668, 79.33333333333331], [143.65706666666668, 89.33333333333331], [153.65706666666668, 69.33333333333331], [143.65706666666668, 39.333333333333314]], [[183.99040000000002, 0.0], [233.99040000000002, 0.0], [233.99040000000002, 50.0], [223.99040000000002, 50.0], [213.99040000000002, 30.0], [203.99040000000002, 20.0], [183.99040000000002, 10.0], [183.99040000000002, 0.0]], [[165.0, 100.0], [215.0, 100.0], [215.0, 150.0], [205.0, 150.0], [195.0, 130.0], [185.0, 120.0], [165.0, 110.0], [165.0, 100.0]], [[265.0, 150.0], [215.0, 150.0], [215.0, 100.0], [225.0, 100.0], [235.0, 120.0], [245.0, 130.0], [265.0, 140.0], [265.0, 150.0]], [[283.9904, 59.49520000000001], [233.99040000000002, 59.49520000000001], [233.99040000000002, 9.495200000000011], [243.99040000000002, 9.495200000000011], [253.99040000000002, 29.49520000000001], [263.9904, 39.49520000000001], [283.9904, 49.49520000000001], [283.9904, 59.49520000000001]], [[63.33333333333333, 120.0], [83.33333333333333, 150.0], [43.33333333333333, 150.0], [63.33333333333333, 120.0]], [[182.33333333333334, 120.0], [202.33333333333334, 150.0], [162.33333333333334, 150.0], [182.33333333333334, 120.0]], [[198.33333333333334, 70.0], [218.33333333333334, 100.0], [178.33333333333334, 100.0], [198.33333333333334, 70.0]], [[56.666666666666664, 130.0], [36.666666666666664, 100.0], [76.66666666666666, 100.0], [56.666666666666664, 130.0]], [[107.8, 115.6], [127.8, 115.6], [127.8, 135.6], [107.8, 135.6], [107.8, 115.6]], [[135.0, 0.0], [155.0, 0.0], [155.0, 20.0], [135.0, 20.0]], [[50.0, 50.0], [70.0, 50.0], [70.0, 70.0], [50.0, 70.0], [50.0, 50.0]], [[153.0, 24.0], [173.0, 24.0], [173.0, 44.0], [153.0, 44.0], [153.0, 24.0]]]"

Sun Jul 19 14:02:49 2020,77,开始运行[全局邻域-检验重叠] 初始利用率,0.677115987460815
Sun Jul 19 14:02:50 2020,77,0,True,306.24,0.7053291536050157,"[0, 0, 0, 0, 0, 0, 0, 0, 0, 0, 0, 0, 0, 0, 0, 0, 0, 0, 0, 0, 0, 0, 1, 0, 0, 0, 0, 0]","[[[0.0, 10.0], [20.0, 0.0], [40.0, 10.0], [40.0, 40.0], [20.0, 50.0], [0.0, 40.0]], [[0.0, 60.0], [20.0, 50.0], [40.0, 60.0], [40.0, 90.0], [20.0, 100.0], [0.0, 90.0]], [[0.0, 109.99999999999997], [20.0, 99.99999999999997], [40.0, 109.99999999999997], [40.0, 139.99999999999997], [20.0, 149.99999999999997], [0.0, 139.99999999999997], [0.0, 109.99999999999997]], [[40.0, 10.0], [60.0, 0.0], [80.0, 10.0], [80.0, 40.0], [60.0, 50.0], [40.0, 40.0]], [[50.0, 50.0], [80.0, 50.0], [70.0, 70.0], [80.0, 90.0], [80.0, 100.0], [60.0, 100.0], [40.0, 80.0], [40.0, 60.0], [50.0, 50.0]], [[80.0, 100.0], [110.0, 100.0], [100.0, 120.0], [110.0, 140.0], [110.0, 150.0], [90.0, 150.0], [70.0, 130.0], [70.0, 110.0]], [[85.0, 50.0], [115.0, 50.0], [105.0, 70.0], [115.0, 90.0], [115.0, 100.0], [95.0, 100.0], [75.0, 80.0], [75.0, 60.0]], [[105.0, 0.0], [135.0, 0.0], [125.0, 20.0], [135.0, 40.0], [135.0, 50.0], [115.0, 50.0], [95.0, 30.0], [95.0, 10.0]], [[230.0, 102.0], [250.0, 102.0], [260.0, 112.0], [260.0, 132.0], [250.0, 142.0], [230.0, 142.0], [220.0, 132.0], [220.0, 112.0]], [[249.0, 50.0], [269.0, 50.0], [279.0, 60.0], [279.0, 80.0], [269.0, 90.0], [249.0, 90.0], [239.0, 80.0], [239.0, 60.0]], [[270.0, 89.0], [290.0, 89.0], [300.0, 99.0], [300.0, 119.0], [290.0, 129.0], [270.0, 129.0], [260.0, 119.0], [260.0, 99.0]], [[274.0, 0.0], [294.0, 0.0], [304.0, 10.0], [304.0, 30.0], [294.0, 40.0], [274.0, 40.0], [264.0, 30.0], [264.0, 10.0]], [[107.0, 66.0], [127.0, 76.0], [147.0, 66.0], [137.0, 86.0], [147.0, 116.0], [127.0, 106.0], [107.0, 116.0], [117.0, 96.0]], [[127.0, 16.0], [147.0, 26.0], [167.0, 16.0], [157.0, 36.0], [167.0, 66.0], [147.0, 56.0], [127.0, 66.0], [137.0, 46.0]], [[137.0, 86.0], [157.0, 96.0], [177.0, 86.0], [167.0, 106.0], [177.0, 136.0], [157.0, 126.0], [137.0, 136.0], [147.0, 116.0], [137.0, 86.0]], [[157.0, 36.0], [177.0, 46.0], [197.0, 36.0], [187.0, 56.0], [197.0, 86.0], [177.0, 76.0], [157.0, 86.0], [167.0, 66.0]], [[164.0, 0.0], [214.0, 0.0], [214.0, 50.0], [204.0, 50.0], [194.0, 30.0], [184.0, 20.0], [164.0, 10.0]], [[170.0, 100.0], [220.0, 100.0], [220.0, 150.0], [210.0, 150.0], [200.0, 130.0], [190.0, 120.0], [170.0, 110.0]], [[189.0, 52.0], [239.0, 52.0], [239.0, 102.0], [229.0, 102.0], [219.0, 82.0], [209.0, 72.0], [189.0, 62.0]], [[214.0, 0.0], [264.0, 0.0], [264.0, 50.0], [254.0, 50.0], [244.0, 30.0], [234.0, 20.0], [214.0, 10.0]], [[53.333333333333314, 120.0], [73.33333333333331, 150.0], [33.333333333333314, 150.0]], [[187.66666666666666, 120.0], [207.66666666666666, 150.0], [167.66666666666666, 150.0]], [[285.6666666666667, 70.0], [265.6666666666667, 40.0], [305.6666666666667, 40.0], [285.6666666666667, 70.0]], [[207.0, 71.0], [227.0, 101.0], [187.0, 101.0], [207.0, 71.0]], [[107.8, 115.6], [127.8, 115.6], [127.8, 135.6], [107.8, 135.6], [107.8, 115.6]], [[135.0, 0.0], [155.0, 0.0], [155.0, 20.0], [135.0, 20.0]], [[214.0, 20.0], [234.0, 20.0], [234.0, 40.0], [214.0, 40.0]], [[40.0, 100.0], [60.0, 100.0], [60.0, 120.0], [40.0, 120.0], [40.0, 100.0]]]"

Sun Jul 19 14:03:05 2020,77,开始运行[全局邻域-检验重叠] 初始利用率,0.677115987460815
Sun Jul 19 14:03:05 2020,77,0,True,306.24,0.7053291536050157,"[0, 0, 0, 0, 0, 0, 0, 0, 0, 0, 0, 0, 0, 0, 0, 0, 0, 0, 0, 0, 0, 0, 1, 1, 0, 0, 0, 0]","[[[0.0, 10.0], [20.0, 0.0], [40.0, 10.0], [40.0, 40.0], [20.0, 50.0], [0.0, 40.0]], [[0.0, 60.0], [20.0, 50.0], [40.0, 60.0], [40.0, 90.0], [20.0, 100.0], [0.0, 90.0]], [[0.0, 110.0], [20.0, 100.0], [40.0, 110.0], [40.0, 140.0], [20.0, 150.0], [0.0, 140.0]], [[40.0, 10.0], [60.0, 0.0], [80.0, 10.0], [80.0, 40.0], [60.0, 50.0], [40.0, 40.0]], [[50.0, 50.0], [80.0, 50.0], [70.0, 70.0], [80.0, 90.0], [80.0, 100.0], [60.0, 100.0], [40.0, 80.0], [40.0, 60.0], [50.0, 50.0]], [[80.0, 100.0], [110.0, 100.0], [100.0, 120.0], [110.0, 140.0], [110.0, 150.0], [90.0, 150.0], [70.0, 130.0], [70.0, 110.0]], [[85.0, 50.0], [115.0, 50.0], [105.0, 70.0], [115.0, 90.0], [115.0, 100.0], [95.0, 100.0], [75.0, 80.0], [75.0, 60.0]], [[105.0, 0.0], [135.0, 0.0], [125.0, 20.0], [135.0, 40.0], [135.0, 50.0], [115.0, 50.0], [95.0, 30.0], [95.0, 10.0]], [[230.0, 102.0], [250.0, 102.0], [260.0, 112.0], [260.0, 132.0], [250.0, 142.0], [230.0, 142.0], [220.0, 132.0], [220.0, 112.0]], [[249.0, 50.0], [269.0, 50.0], [279.0, 60.0], [279.0, 80.0], [269.0, 90.0], [249.0, 90.0], [239.0, 80.0], [239.0, 60.0]], [[270.0, 89.0], [290.0, 89.0], [300.0, 99.0], [300.0, 119.0], [290.0, 129.0], [270.0, 129.0], [260.0, 119.0], [260.0, 99.0]], [[274.0, 0.0], [294.0, 0.0], [304.0, 10.0], [304.0, 30.0], [294.0, 40.0], [274.0, 40.0], [264.0, 30.0], [264.0, 10.0]], [[107.0, 66.0], [127.0, 76.0], [147.0, 66.0], [137.0, 86.0], [147.0, 116.0], [127.0, 106.0], [107.0, 116.0], [117.0, 96.0]], [[127.0, 16.0], [147.0, 26.0], [167.0, 16.0], [157.0, 36.0], [167.0, 66.0], [147.0, 56.0], [127.0, 66.0], [137.0, 46.0]], [[137.0, 86.0], [157.0, 96.0], [177.0, 86.0], [167.0, 106.0], [177.0, 136.0], [157.0, 126.0], [137.0, 136.0], [147.0, 116.0]], [[157.0, 36.0], [177.0, 46.0], [197.0, 36.0], [187.0, 56.0], [197.0, 86.0], [177.0, 76.0], [157.0, 86.0], [167.0, 66.0]], [[164.0, 0.0], [214.0, 0.0], [214.0, 50.0], [204.0, 50.0], [194.0, 30.0], [184.0, 20.0], [164.0, 10.0]], [[170.0, 100.0], [220.0, 100.0], [220.0, 150.0], [210.0, 150.0], [200.0, 130.0], [190.0, 120.0], [170.0, 110.0]], [[189.0, 52.0], [239.0, 52.0], [239.0, 102.0], [229.0, 102.0], [219.0, 82.0], [209.0, 72.0], [189.0, 62.0]], [[214.0, 0.0], [264.0, 0.0], [264.0, 50.0], [254.0, 50.0], [244.0, 30.0], [234.0, 20.0], [214.0, 10.0]], [[53.33333333333333, 120.0], [73.33333333333333, 150.0], [33.33333333333333, 150.0], [53.33333333333333, 120.0]], [[187.66666666666666, 120.0], [207.66666666666666, 150.0], [167.66666666666666, 150.0], [187.66666666666666, 120.0]], [[285.6666666666667, 70.0], [265.6666666666667, 40.0], [305.6666666666667, 40.0], [285.6666666666667, 70.0]], [[120.0, 150.0], [100.0, 120.0], [140.0, 120.0], [120.0, 150.0]], [[40.0, 100.0], [60.0, 100.0], [60.0, 120.0], [40.0, 120.0], [40.0, 100.0]], [[135.0, 0.0], [155.0, 0.0], [155.0, 20.0], [135.0, 20.0]], [[214.0, 20.0], [234.0, 20.0], [234.0, 40.0], [214.0, 40.0]], [[197.0, 80.0], [217.0, 80.0], [217.0, 100.0], [197.0, 100.0], [197.0, 80.0]]]"
Sun Jul 19 14:03:12 2020,77,0,True,293.9904,0.7347178683385579,"[0, 0, 0, 0, 0, 0, 0, 0, 0, 0, 0, 0, 0, 0, 0, 0, 0, 1, 0, 0, 0, 1, 1, 1, 0, 0, 0, 0]","[[[0.0, 10.0], [20.0, 0.0], [40.0, 10.0], [40.0, 40.0], [20.0, 50.0], [0.0, 40.0]], [[0.0, 60.0], [20.0, 50.0], [40.0, 60.0], [40.0, 90.0], [20.0, 100.0], [0.0, 90.0]], [[0.0, 110.0], [20.0, 100.0], [40.0, 110.0], [40.0, 140.0], [20.0, 150.0], [0.0, 140.0]], [[40.0, 10.0], [60.0, 0.0], [80.0, 10.0], [80.0, 40.0], [60.0, 50.0], [40.0, 40.0], [40.0, 10.0]], [[50.0, 50.0], [80.0, 50.0], [70.0, 70.0], [80.0, 90.0], [80.0, 100.0], [60.0, 100.0], [40.0, 80.0], [40.0, 60.0], [50.0, 50.0]], [[80.0, 100.0], [110.0, 100.0], [100.0, 120.0], [110.0, 140.0], [110.0, 150.0], [90.0, 150.0], [70.0, 130.0], [70.0, 110.0]], [[85.0, 50.0], [115.0, 50.0], [105.0, 70.0], [115.0, 90.0], [115.0, 100.0], [95.0, 100.0], [75.0, 80.0], [75.0, 60.0], [85.0, 50.0]], [[185.0, 100.0], [215.0, 100.0], [205.0, 120.0], [215.0, 140.0], [215.0, 150.0], [195.0, 150.0], [175.0, 130.0], [175.0, 110.0], [185.0, 100.0]], [[223.99040000000002, 102.83813333333333], [243.99040000000002, 102.83813333333333], [253.99040000000002, 112.83813333333333], [253.99040000000002, 132.83813333333333], [243.99040000000002, 142.83813333333333], [223.99040000000002, 142.83813333333333], [213.99040000000002, 132.83813333333333], [213.99040000000002, 112.83813333333333], [223.99040000000002, 102.83813333333333]], [[263.9904, 110.0], [283.9904, 110.0], [293.9904, 120.0], [293.9904, 140.0], [283.9904, 150.0], [263.9904, 150.0], [253.99040000000002, 140.0], [253.99040000000002, 120.0], [263.9904, 110.0]], [[249.0, 67.84773333333331], [269.0, 67.84773333333331], [279.0, 77.84773333333331], [279.0, 97.84773333333331], [269.0, 107.84773333333331], [249.0, 107.84773333333331], [239.0, 97.84773333333331], [239.0, 77.84773333333331], [249.0, 67.84773333333331]], [[263.9904, 0.0], [283.9904, 0.0], [293.9904, 10.0], [293.9904, 30.0], [283.9904, 40.0], [263.9904, 40.0], [253.99040000000002, 30.0], [253.99040000000002, 10.0]], [[107.0, 66.0], [127.0, 76.0], [147.0, 66.0], [137.0, 86.0], [147.0, 116.0], [127.0, 106.0], [107.0, 116.0], [117.0, 96.0]], [[127.0, 16.0], [147.0, 26.0], [167.0, 16.0], [157.0, 36.0], [167.0, 66.0], [147.0, 56.0], [127.0, 66.0], [137.0, 46.0]], [[137.0, 86.0], [157.0, 96.0], [177.0, 86.0], [167.0, 106.0], [177.0, 136.0], [157.0, 126.0], [137.0, 136.0], [147.0, 116.0], [137.0, 86.0]], [[157.0, 36.0], [177.0, 46.0], [197.0, 36.0], [187.0, 56.0], [197.0, 86.0], [177.0, 76.0], [157.0, 86.0], [167.0, 66.0]], [[164.0, 0.0], [214.0, 0.0], [214.0, 50.0], [204.0, 50.0], [194.0, 30.0], [184.0, 20.0], [164.0, 10.0]], [[130.0, 50.0], [80.0, 50.0], [80.0, 0.0], [90.0, 0.0], [100.0, 20.0], [110.0, 30.0], [130.0, 40.0], [130.0, 50.0]], [[189.0, 52.0], [239.0, 52.0], [239.0, 102.0], [229.0, 102.0], [219.0, 82.0], [209.0, 72.0], [189.0, 62.0], [189.0, 52.0]], [[243.99040000000002, 40.0], [293.9904, 40.0], [293.9904, 90.0], [283.9904, 90.0], [273.9904, 70.0], [263.9904, 60.0], [243.99040000000002, 50.0], [243.99040000000002, 40.0]], [[53.33333333333333, 120.0], [73.33333333333333, 150.0], [33.33333333333333, 150.0], [53.33333333333333, 120.0]], [[110.0, 30.0], [90.0, 0.0], [130.0, 0.0], [110.0, 30.0]], [[240.65706666666668, 30.0], [220.65706666666668, 0.0], [260.65706666666665, 0.0], [240.65706666666668, 30.0]], [[120.0, 150.0], [100.0, 120.0], [140.0, 120.0], [120.0, 150.0]], [[40.0, 100.0], [60.0, 100.0], [60.0, 120.0], [40.0, 120.0], [40.0, 100.0]], [[135.0, 0.0], [155.0, 0.0], [155.0, 20.0], [135.0, 20.0]], [[214.0, 20.014399999999966], [234.0, 20.014399999999966], [234.0, 40.014399999999966], [214.0, 40.014399999999966], [214.0, 20.014399999999966]], [[197.0, 80.0], [217.0, 80.0], [217.0, 100.0], [197.0, 100.0], [197.0, 80.0]]]"
Sun Jul 19 14:04:47 2020,77,0,True,282.230784,0.7653311128526645,"[0, 0, 0, 0, 0, 1, 1, 1, 0, 0, 0, 0, 0, 0, 0, 0, 1, 0, 1, 0, 1, 0, 1, 0, 0, 0, 0, 0]","[[[127.57008337777776, 49.975752355555585], [147.57008337777776, 39.975752355555585], [167.57008337777776, 49.975752355555585], [167.57008337777776, 79.97575235555558], [147.57008337777776, 89.97575235555558], [127.57008337777776, 79.97575235555558], [127.57008337777776, 49.975752355555585]], [[0.0, 60.0], [20.0, 50.0], [40.0, 60.0], [40.0, 90.0], [20.0, 100.0], [0.0, 90.0], [0.0, 60.0]], [[0.0, 110.0], [20.0, 100.0], [40.0, 110.0], [40.0, 140.0], [20.0, 150.0], [0.0, 140.0], [0.0, 110.0]], [[37.71113361834216, 51.14443319082892], [57.71113361834216, 41.14443319082892], [77.71113361834216, 51.14443319082892], [77.71113361834216, 81.14443319082892], [57.71113361834216, 91.14443319082892], [37.71113361834216, 81.14443319082892], [37.71113361834216, 51.14443319082892]], [[10.0, 0.0], [40.0, 0.0], [30.0, 20.0], [40.0, 40.0], [40.0, 50.0], [20.0, 50.0], [0.0, 30.0], [0.0, 10.0], [10.0, 0.0]], [[272.230784, 70.0], [242.23078400000003, 70.0], [252.23078400000003, 50.0], [242.23078400000003, 30.0], [242.23078400000003, 20.0], [262.230784, 20.0], [282.230784, 40.0], [282.230784, 60.0], [272.230784, 70.0]], [[196.85858331851853, 84.73423025185184], [166.85858331851853, 84.73423025185184], [176.85858331851853, 64.73423025185184], [166.85858331851853, 44.73423025185184], [166.85858331851853, 34.73423025185184], [186.85858331851853, 34.73423025185184], [206.85858331851853, 54.73423025185184], [206.85858331851853, 74.73423025185184], [196.85858331851853, 84.73423025185184]], [[188.942950469418, 148.12749961989422], [158.942950469418, 148.12749961989422], [168.942950469418, 128.12749961989422], [158.942950469418, 108.12749961989422], [158.942950469418, 98.12749961989422], [178.942950469418, 98.12749961989422], [198.942950469418, 118.12749961989422], [198.942950469418, 138.12749961989422], [188.942950469418, 148.12749961989422]], [[45.0, 0.0], [65.0, 0.0], [75.0, 10.0], [75.0, 30.0], [65.0, 40.0], [45.0, 40.0], [35.0, 30.0], [35.0, 10.0], [45.0, 0.0]], [[192.12435306666666, 0.0], [212.12435306666666, 0.0], [222.12435306666666, 10.0], [222.12435306666666, 30.0], [212.12435306666666, 40.0], [192.12435306666666, 40.0], [182.12435306666666, 30.0], [182.12435306666666, 10.0], [192.12435306666666, 0.0]], [[252.23078400000003, 70.0], [272.230784, 70.0], [282.230784, 80.0], [282.230784, 100.0], [272.230784, 110.0], [252.23078400000003, 110.0], [242.23078400000003, 100.0], [242.23078400000003, 80.0], [252.23078400000003, 70.0]], [[101.0379288888889, 16.50790684444445], [121.0379288888889, 16.50790684444445], [131.0379288888889, 26.50790684444445], [131.0379288888889, 46.50790684444445], [121.0379288888889, 56.50790684444445], [101.0379288888889, 56.50790684444445], [91.0379288888889, 46.50790684444445], [91.0379288888889, 26.50790684444445], [101.0379288888889, 16.50790684444445]], [[201.9471732345679, 40.0], [221.9471732345679, 50.0], [241.9471732345679, 40.0], [231.9471732345679, 60.0], [241.9471732345679, 90.0], [221.9471732345679, 80.0], [201.9471732345679, 90.0], [211.9471732345679, 70.0], [201.9471732345679, 40.0]], [[129.29188231111112, 0.0], [149.29188231111112, 10.0], [169.29188231111112, 0.0], [159.29188231111112, 20.0], [169.29188231111112, 50.0], [149.29188231111112, 40.0], [129.29188231111112, 50.0], [139.29188231111112, 30.0], [129.29188231111112, 0.0]], [[126.23378392945327, 80.0], [146.23378392945327, 90.0], [166.23378392945327, 80.0], [156.23378392945327, 100.0], [166.23378392945327, 130.0], [146.23378392945327, 120.0], [126.23378392945327, 130.0], [136.23378392945327, 110.0], [126.23378392945327, 80.0]], [[80.0, 94.43204906666665], [100.0, 104.43204906666665], [120.0, 94.43204906666665], [110.0, 114.43204906666665], [120.0, 144.43204906666665], [100.0, 134.43204906666665], [80.0, 144.43204906666665], [90.0, 124.43204906666665], [80.0, 94.43204906666665]], [[127.71113361834216, 94.43204906666665], [77.71113361834216, 94.43204906666665], [77.71113361834216, 44.43204906666665], [87.71113361834216, 44.43204906666665], [97.71113361834216, 64.43204906666665], [107.71113361834216, 74.43204906666665], [127.71113361834216, 84.43204906666665], [127.71113361834216, 94.43204906666665]], [[30.0, 95.0], [80.0, 95.0], [80.0, 145.0], [70.0, 145.0], [60.0, 125.0], [50.0, 115.0], [30.0, 105.0], [30.0, 95.0]], [[282.230784, 150.0], [232.23078400000003, 150.0], [232.23078400000003, 100.0], [242.23078400000003, 100.0], [252.23078400000003, 120.0], [262.230784, 130.0], [282.230784, 140.0], [282.230784, 150.0]], [[184.3612835493475, 90.0], [234.3612835493475, 90.0], [234.3612835493475, 140.0], [224.3612835493475, 140.0], [214.3612835493475, 120.0], [204.3612835493475, 110.0], [184.3612835493475, 100.0], [184.3612835493475, 90.0]], [[89.53600408888889, 30.0], [69.53600408888889, 0.0], [109.53600408888889, 0.0], [89.53600408888889, 30.0]], [[53.33333333333333, 120.0], [73.33333333333333, 150.0], [33.33333333333333, 150.0], [53.33333333333333, 120.0]], [[235.45768639999997, 30.0], [215.45768639999997, 0.0], [255.45768639999997, 0.0], [235.45768639999997, 30.0]], [[210.8154508495238, 119.68125095026454], [230.8154508495238, 149.68125095026454], [190.8154508495238, 149.68125095026454], [210.8154508495238, 119.68125095026454]], [[255.45768639999994, 0.0], [275.45768639999994, 0.0], [275.45768639999994, 20.0], [255.45768639999994, 20.0], [255.45768639999994, 0.0]], [[120.0, 130.0], [140.0, 130.0], [140.0, 150.0], [120.0, 150.0], [120.0, 130.0]], [[139.65211700938275, 126.70916653996477], [159.65211700938275, 126.70916653996477], [159.65211700938275, 146.70916653996477], [139.65211700938275, 146.70916653996477], [139.65211700938275, 126.70916653996477]], [[262.230784, 110.0], [282.230784, 110.0], [282.230784, 130.0], [262.230784, 130.0], [262.230784, 110.0]]]"
Sun Jul 19 14:07:31 2020,77,0,True,270.94155264,0.7972199092215255,"[0, 0, 0, 0, 1, 1, 1, 0, 0, 0, 0, 0, 0, 0, 0, 0, 0, 1, 1, 0, 1, 0, 1, 0, 0, 0, 0, 0]","[[[0.0, 97.49999999999994], [20.0, 87.49999999999994], [40.0, 97.49999999999994], [40.0, 127.49999999999994], [20.0, 137.49999999999994], [0.0, 127.49999999999994], [0.0, 97.49999999999994]], [[154.48000000000002, 54.640963934814636], [174.48000000000002, 44.640963934814636], [194.48000000000002, 54.640963934814636], [194.48000000000002, 84.64096393481464], [174.48000000000002, 94.64096393481464], [154.48000000000002, 84.64096393481464], [154.48000000000002, 54.640963934814636]], [[193.16377486222245, 10.0], [213.16377486222245, 0.0], [233.16377486222245, 10.0], [233.16377486222245, 40.0], [213.16377486222245, 50.0], [193.16377486222245, 40.0], [193.16377486222245, 10.0]], [[155.75614426074156, 108.00096393481462], [175.75614426074156, 98.00096393481462], [195.75614426074156, 108.00096393481462], [195.75614426074156, 138.00096393481462], [175.75614426074156, 148.00096393481462], [155.75614426074156, 138.00096393481462], [155.75614426074156, 108.00096393481462]], [[260.6685945362956, 50.0], [230.6685945362956, 50.0], [240.6685945362956, 30.0], [230.6685945362956, 10.0], [230.6685945362956, 0.0], [250.6685945362956, 0.0], [270.6685945362956, 20.0], [270.6685945362956, 40.0], [260.6685945362956, 50.0]], [[36.0, 50.0], [6.0, 50.0], [16.0, 30.0], [6.0, 10.0], [6.0, 0.0], [26.0, 0.0], [46.0, 20.0], [46.0, 40.0], [36.0, 50.0]], [[103.75, 100.0], [73.75, 100.0], [83.75, 80.0], [73.75, 60.0], [73.75, 50.0], [93.75, 50.0], [113.75, 70.0], [113.75, 90.0], [103.75, 100.0]], [[43.75, 50.0], [73.75, 50.0], [63.75, 70.0], [73.75, 90.0], [73.75, 100.0], [53.75, 100.0], [33.75, 80.0], [33.75, 60.0], [43.75, 50.0]], [[124.48000000000002, 61.373333333333335], [144.48000000000002, 61.373333333333335], [154.48000000000002, 71.37333333333333], [154.48000000000002, 91.37333333333333], [144.48000000000002, 101.37333333333333], [124.48000000000002, 101.37333333333333], [114.48000000000002, 91.37333333333333], [114.48000000000002, 71.37333333333333], [124.48000000000002, 61.373333333333335]], [[240.94155264, 109.99999999999991], [260.94155264, 109.99999999999991], [270.94155264, 119.99999999999991], [270.94155264, 139.99999999999991], [260.94155264, 149.99999999999991], [240.94155264, 149.99999999999991], [230.94155264, 139.99999999999991], [230.94155264, 119.99999999999991], [240.94155264, 109.99999999999991]], [[240.94155264, 49.999999999999915], [260.94155264, 49.999999999999915], [270.94155264, 59.999999999999915], [270.94155264, 79.99999999999991], [260.94155264, 89.99999999999991], [240.94155264, 89.99999999999991], [230.94155264, 79.99999999999991], [230.94155264, 59.999999999999915], [240.94155264, 49.999999999999915]], [[56.0, 0.0], [76.0, 0.0], [86.0, 10.0], [86.0, 30.0], [76.0, 40.0], [56.0, 40.0], [46.0, 30.0], [46.0, 10.0], [56.0, 0.0]], [[194.49710819555554, 40.66666666666654], [214.49710819555554, 50.66666666666654], [234.49710819555554, 40.66666666666654], [224.49710819555554, 60.66666666666654], [234.49710819555554, 90.66666666666654], [214.49710819555554, 80.66666666666654], [194.49710819555554, 90.66666666666654], [204.49710819555554, 70.66666666666654], [194.49710819555554, 40.66666666666654]], [[114.48000000000002, 16.373333333333335], [134.48000000000002, 26.373333333333335], [154.48000000000002, 16.373333333333335], [144.48000000000002, 36.373333333333335], [154.48000000000002, 66.37333333333333], [134.48000000000002, 56.373333333333335], [114.48000000000002, 66.37333333333333], [124.48000000000002, 46.373333333333335], [114.48000000000002, 16.373333333333335]], [[0.0, 47.5], [20.0, 57.5], [40.0, 47.5], [30.0, 67.5], [40.0, 97.5], [20.0, 87.5], [0.0, 97.5], [10.0, 77.5], [0.0, 47.5]], [[82.66666666666667, 0.0], [102.66666666666667, 10.0], [122.66666666666667, 0.0], [112.66666666666667, 20.0], [122.66666666666667, 50.0], [102.66666666666667, 40.0], [82.66666666666667, 50.0], [92.66666666666667, 30.0], [82.66666666666667, 0.0]], [[143.16377486222245, 0.0], [193.16377486222245, 0.0], [193.16377486222245, 50.0], [183.16377486222245, 50.0], [173.16377486222245, 30.0], [163.16377486222245, 20.0], [143.16377486222245, 10.0], [143.16377486222245, 0.0]], [[90.0, 150.0], [40.0, 150.0], [40.0, 100.0], [50.0, 100.0], [60.0, 120.0], [70.0, 130.0], [90.0, 140.0], [90.0, 150.0]], [[159.75421639111232, 150.0], [109.75421639111232, 150.0], [109.75421639111232, 100.0], [119.75421639111232, 100.0], [129.75421639111232, 120.0], [139.75421639111232, 130.0], [159.75421639111232, 140.0], [159.75421639111232, 150.0]], [[181.7580721303708, 91.00192786962924], [231.7580721303708, 91.00192786962924], [231.7580721303708, 141.00192786962924], [221.7580721303708, 141.00192786962924], [211.7580721303708, 121.00192786962924], [201.7580721303708, 111.00192786962924], [181.7580721303708, 101.00192786962924], [181.7580721303708, 91.00192786962924]], [[69.59036065185387, 130.0], [49.59036065185387, 100.0], [89.59036065185387, 100.0], [69.59036065185387, 130.0]], [[89.75421639111232, 99.75421639111232], [109.75421639111232, 129.75421639111232], [69.75421639111232, 129.75421639111232], [89.75421639111232, 99.75421639111232]], [[140.17456466172908, 131.37333333333333], [120.17456466172908, 101.37333333333333], [160.17456466172908, 101.37333333333333], [140.17456466172908, 131.37333333333333]], [[207.75678688395132, 120.0], [227.75678688395132, 150.0], [187.75678688395132, 150.0], [207.75678688395132, 120.0]], [[89.75421639111232, 129.75421639111232], [109.75421639111232, 129.75421639111232], [109.75421639111232, 149.75421639111232], [89.75421639111232, 149.75421639111232], [89.75421639111232, 129.75421639111232]], [[122.48000000000002, 0.37333333333333485], [142.48000000000002, 0.37333333333333485], [142.48000000000002, 20.373333333333335], [122.48000000000002, 20.373333333333335], [122.48000000000002, 0.37333333333333485]], [[250.8154508495238, 89.99999999999991], [270.8154508495238, 89.99999999999991], [270.8154508495238, 109.99999999999991], [250.8154508495238, 109.99999999999991], [250.8154508495238, 89.99999999999991]], [[148.96824626567914, 27.396840801975074], [168.96824626567914, 27.396840801975074], [168.96824626567914, 47.396840801975074], [148.96824626567914, 47.396840801975074], [148.96824626567914, 27.396840801975074]]]"
