Wed Jul  1 15:25:57 2020,True,1753.3942489200917,0.5703223907663071,"[0, 0, 0, 0, 0, 0, 0, 0, 0, 0, 0, 0, 0, 0, 0, 0]","[[[0.0, 0.0], [350.0, 0.0], [0.0, 340.0]], [[0.0, 340.0], [330.0, 340.0], [180.0, 490.0]], [[0.0, 490.0], [320.0, 490.0], [320.0, 900.0], [140.0, 820.0]], [[581.9354838709677, 98.06451612903231], [761.9354838709677, 248.0645161290323], [741.9354838709677, 478.0645161290323], [711.9354838709677, 718.0645161290323], [621.9354838709677, 668.0645161290323], [231.9354838709677, 438.0645161290323]], [[331.30434782608694, 770.0], [481.30434782608694, 620.0], [621.304347826087, 950.0], [561.304347826087, 960.0], [311.30434782608694, 1000.0]], [[753.9410939691444, 340.0], [1143.9410939691443, 570.0], [953.9410939691444, 600.0], [753.9410939691444, 1000.0]], [[783.9410939691445, 100.00000000000011], [1033.9410939691445, 60.000000000000114], [1053.9410939691445, 240.0000000000001], [1073.9410939691445, 450.0000000000001], [1003.9410939691445, 430.0000000000001], [753.9410939691445, 340.0000000000001]], [[0.0, 794.4444444444445], [60.0, 784.4444444444445], [240.0, 864.4444444444445], [20.0, 974.4444444444445]], [[216.17647058823528, 130.0], [436.17647058823525, 20.0], [236.17647058823528, 340.0]], [[778.9410939691444, 950.0], [978.9410939691444, 630.0], [978.9410939691444, 1000.0]], [[988.9410939691444, 594.4736842105264], [1238.9410939691443, 684.4736842105264], [978.9410939691444, 744.4736842105264]], [[1473.3942489200917, 455.8377653657367], [1663.3942489200917, 425.8377653657367], [1753.3942489200917, 475.8377653657367], [1743.3942489200917, 625.8377653657367], [1713.3942489200917, 855.8377653657367], [1473.3942489200917, 455.8377653657367]], [[1281.1779360744074, 600.0], [1521.1779360744074, 1000.0], [1081.1779360744074, 1000.0]], [[1258.6262556685738, 409.41376030437516], [1518.6262556685738, 349.41376030437516], [1588.6262556685738, 369.41376030437516], [1228.6262556685738, 639.4137603043752]], [[1193.3942489200917, 349.41376030437516], [1553.3942489200917, 79.41376030437516], [1753.3942489200917, 349.41376030437516]], [[498.53760557549856, 660.6212504093272], [698.5376055754986, 710.6212504093272], [698.5376055754986, 930.6212504093272]]]"
Wed Jul  1 15:25:57 2020,True,1683.258478963288,0.5940858237149031,"[0, 0, 0, 0, 0, 0, 0, 0, 0, 0, 0, 0, 0, 0, 0, 0]","[[[0.0, 0.0], [350.0, 0.0], [0.0, 340.0]], [[0.0, 340.0], [330.0, 340.0], [180.0, 490.0]], [[0.0, 490.0], [320.0, 490.0], [320.0, 900.0], [140.0, 820.0]], [[581.9354838709677, 98.06451612903231], [761.9354838709677, 248.0645161290323], [741.9354838709677, 478.0645161290323], [711.9354838709677, 718.0645161290323], [621.9354838709677, 668.0645161290323], [231.9354838709677, 438.0645161290323]], [[331.30434782608694, 770.0], [481.30434782608694, 620.0], [621.304347826087, 950.0], [561.304347826087, 960.0], [311.30434782608694, 1000.0]], [[753.9410939691444, 340.0], [1143.9410939691443, 570.0], [953.9410939691444, 600.0], [753.9410939691444, 1000.0]], [[783.9410939691445, 100.00000000000011], [1033.9410939691445, 60.000000000000114], [1053.9410939691445, 240.0000000000001], [1073.9410939691445, 450.0000000000001], [1003.9410939691445, 430.0000000000001], [753.9410939691445, 340.0000000000001]], [[0.0, 794.4444444444445], [60.0, 784.4444444444445], [240.0, 864.4444444444445], [20.0, 974.4444444444445]], [[216.17647058823528, 130.0], [436.17647058823525, 20.0], [236.17647058823528, 340.0]], [[778.9410939691444, 950.0], [978.9410939691444, 630.0], [978.9410939691444, 1000.0]], [[988.9410939691444, 594.4736842105264], [1238.9410939691443, 684.4736842105264], [978.9410939691444, 744.4736842105264]], [[1403.258478963288, 455.8377653657367], [1593.258478963288, 425.8377653657367], [1683.258478963288, 475.8377653657367], [1673.258478963288, 625.8377653657367], [1643.258478963288, 855.8377653657367], [1403.258478963288, 455.8377653657367]], [[1281.1779360744074, 600.0], [1521.1779360744074, 1000.0], [1081.1779360744074, 1000.0]], [[1088.7029987310493, 60.0], [1348.7029987310493, 0.0], [1418.7029987310493, 20.0], [1058.7029987310493, 290.0], [1088.7029987310493, 60.0]], [[1123.258478963288, 349.41376030437516], [1483.258478963288, 79.41376030437516], [1683.258478963288, 349.41376030437516]], [[498.53760557549856, 660.6212504093272], [698.5376055754986, 710.6212504093272], [698.5376055754986, 930.6212504093272]]]"
Wed Jul  1 15:25:57 2020,True,1615.9281398047565,0.6188393997030242,"[0, 0, 0, 0, 0, 0, 0, 0, 0, 0, 0, 0, 0, 0, 0, 0]","[[[0.0, 0.0], [350.0, 0.0], [0.0, 340.0]], [[0.0, 340.0], [330.0, 340.0], [180.0, 490.0]], [[0.0, 490.0], [320.0, 490.0], [320.0, 900.0], [140.0, 820.0]], [[581.9354838709677, 98.06451612903231], [761.9354838709677, 248.0645161290323], [741.9354838709677, 478.0645161290323], [711.9354838709677, 718.0645161290323], [621.9354838709677, 668.0645161290323], [231.9354838709677, 438.0645161290323]], [[331.30434782608694, 770.0], [481.30434782608694, 620.0], [621.304347826087, 950.0], [561.304347826087, 960.0], [311.30434782608694, 1000.0]], [[753.9410939691444, 340.0], [1143.9410939691443, 570.0], [953.9410939691444, 600.0], [753.9410939691444, 1000.0]], [[783.9410939691443, 100.0], [1033.9410939691443, 60.0], [1053.9410939691443, 240.0], [1073.9410939691443, 450.0], [1003.9410939691443, 430.0], [753.9410939691443, 340.0], [783.9410939691443, 100.0]], [[0.0, 794.4444444444445], [60.0, 784.4444444444445], [240.0, 864.4444444444445], [20.0, 974.4444444444445]], [[216.17647058823528, 130.0], [436.17647058823525, 20.0], [236.17647058823528, 340.0]], [[778.9410939691444, 950.0], [978.9410939691444, 630.0], [978.9410939691444, 1000.0]], [[988.9410939691444, 594.4736842105264], [1238.9410939691443, 684.4736842105264], [978.9410939691444, 744.4736842105264]], [[1335.9281398047565, 455.8377653657367], [1525.9281398047565, 425.8377653657367], [1615.9281398047565, 475.8377653657367], [1605.9281398047565, 625.8377653657367], [1575.9281398047565, 855.8377653657367], [1335.9281398047565, 455.8377653657367]], [[1281.1779360744074, 600.0], [1521.1779360744074, 1000.0], [1081.1779360744074, 1000.0]], [[1088.7029987310493, 60.0], [1348.7029987310493, 0.0], [1418.7029987310493, 20.0], [1058.7029987310493, 290.0], [1088.7029987310493, 60.0]], [[1055.9281398047565, 292.0811441947196], [1415.9281398047565, 22.081144194719627], [1615.9281398047565, 292.0811441947196], [1055.9281398047565, 292.0811441947196]], [[498.53760557549856, 660.6212504093272], [698.5376055754986, 710.6212504093272], [698.5376055754986, 930.6212504093272]]]"
Wed Jul  1 15:25:58 2020,True,1551.291014212566,0.6446243746906501,"[0, 0, 0, 0, 0, 0, 0, 0, 0, 0, 0, 0, 0, 0, 0, 0]","[[[0.0, 0.0], [350.0, 0.0], [0.0, 340.0]], [[970.9464124080284, 425.8377653657367], [1300.9464124080284, 425.8377653657367], [1150.9464124080284, 575.8377653657367], [970.9464124080284, 425.8377653657367]], [[0.0, 490.0], [320.0, 490.0], [320.0, 900.0], [140.0, 820.0]], [[543.807006496387, 75.57849101068985], [723.807006496387, 225.57849101068985], [703.807006496387, 455.57849101068985], [673.807006496387, 695.5784910106898], [583.807006496387, 645.5784910106898], [193.80700649638698, 415.57849101068985], [543.807006496387, 75.57849101068985]], [[331.30434782608694, 770.0], [481.30434782608694, 620.0], [621.304347826087, 950.0], [561.304347826087, 960.0], [311.30434782608694, 1000.0]], [[753.9410939691444, 340.0], [1143.9410939691443, 570.0], [953.9410939691444, 600.0], [753.9410939691444, 1000.0]], [[749.0747013668818, 40.0], [999.0747013668818, 0.0], [1019.0747013668818, 180.0], [1039.0747013668818, 390.0], [969.0747013668818, 370.0], [719.0747013668818, 280.0], [749.0747013668818, 40.0]], [[0.0, 794.4444444444445], [60.0, 784.4444444444445], [240.0, 864.4444444444445], [20.0, 974.4444444444445]], [[216.17647058823528, 130.0], [436.17647058823525, 20.0], [236.17647058823528, 340.0]], [[778.9410939691444, 950.0], [978.9410939691444, 630.0], [978.9410939691444, 1000.0]], [[988.9410939691444, 594.4736842105264], [1238.9410939691443, 684.4736842105264], [978.9410939691444, 744.4736842105264]], [[1271.291014212566, 455.8377653657367], [1461.291014212566, 425.8377653657367], [1551.291014212566, 475.8377653657367], [1541.291014212566, 625.8377653657367], [1511.291014212566, 855.8377653657367], [1271.291014212566, 455.8377653657367]], [[1281.1779360744074, 600.0], [1521.1779360744074, 1000.0], [1081.1779360744074, 1000.0]], [[1088.7029987310493, 60.0], [1348.7029987310493, 0.0], [1418.7029987310493, 20.0], [1058.7029987310493, 290.0], [1088.7029987310493, 60.0]], [[991.2910142125661, 425.8377653657367], [1351.291014212566, 155.8377653657367], [1551.291014212566, 425.8377653657367], [991.2910142125661, 425.8377653657367]], [[498.53760557549856, 660.6212504093272], [698.5376055754986, 710.6212504093272], [698.5376055754986, 930.6212504093272]]]"
Wed Jul  1 15:26:03 2020,True,1489.2393736440633,0.6714837236360941,"[0, 0, 0, 0, 0, 0, 0, 0, 0, 0, 0, 0, 0, 0, 0, 0]","[[[0.0, 0.0], [350.0, 0.0], [0.0, 340.0]], [[446.6682308775223, 0.0], [776.6682308775223, 0.0], [626.6682308775223, 150.0], [446.6682308775223, 0.0]], [[0.0, 490.0], [320.0, 490.0], [320.0, 900.0], [140.0, 820.0]], [[521.7597372125763, 62.57625527921164], [701.7597372125763, 212.57625527921164], [681.7597372125763, 442.57625527921164], [651.7597372125763, 682.5762552792116], [561.7597372125763, 632.5762552792116], [171.75973721257628, 402.57625527921164], [521.7597372125763, 62.57625527921164]], [[331.30434782608694, 770.0], [481.30434782608694, 620.0], [621.304347826087, 950.0], [561.304347826087, 960.0], [311.30434782608694, 1000.0]], [[696.4222384006632, 273.9574916162113], [1086.4222384006632, 503.9574916162113], [896.4222384006632, 533.9574916162113], [696.4222384006632, 933.9574916162113], [696.4222384006632, 273.9574916162113]], [[736.6682308775223, 40.0], [986.6682308775223, 0.0], [1006.6682308775223, 180.0], [1026.6682308775223, 390.0], [956.6682308775223, 370.0], [706.6682308775223, 280.0], [736.6682308775223, 40.0]], [[0.0, 794.4444444444445], [60.0, 784.4444444444445], [240.0, 864.4444444444445], [20.0, 974.4444444444445]], [[216.17647058823528, 130.0], [436.17647058823525, 20.0], [236.17647058823528, 340.0]], [[778.9410939691444, 950.0], [978.9410939691444, 630.0], [978.9410939691444, 1000.0]], [[988.9410939691444, 530.5965593498379], [1238.9410939691443, 620.5965593498379], [978.9410939691444, 680.5965593498379], [988.9410939691444, 530.5965593498379]], [[1203.3186751927014, 523.4655025810637], [1393.3186751927014, 493.4655025810637], [1483.3186751927014, 543.4655025810637], [1473.3186751927014, 693.4655025810637], [1443.3186751927014, 923.4655025810637], [1203.3186751927014, 523.4655025810637]], [[1249.2393736440633, 600.0], [1489.2393736440633, 1000.0], [1049.2393736440633, 1000.0]], [[1088.7029987310493, 60.0], [1348.7029987310493, 0.0], [1418.7029987310493, 20.0], [1058.7029987310493, 290.0], [1088.7029987310493, 60.0]], [[929.2393736440633, 463.07164292509424], [1289.2393736440633, 193.07164292509424], [1489.2393736440633, 463.07164292509424], [929.2393736440633, 463.07164292509424]], [[490.77803294663784, 642.330829212727], [690.7780329466378, 692.330829212727], [690.7780329466378, 912.330829212727], [490.77803294663784, 642.330829212727]]]"
Wed Jul  1 15:26:31 2020,True,1429.6697986983008,0.6994622121209313,"[0, 0, 0, 0, 0, 0, 0, 0, 0, 0, 0, 0, 0, 0, 0, 0]","[[[0.0, 0.0], [350.0, 0.0], [0.0, 340.0], [0.0, 0.0]], [[631.5452700515814, 657.8333182681008], [961.5452700515814, 657.8333182681008], [811.5452700515814, 807.8333182681008], [631.5452700515814, 657.8333182681008]], [[249.15209167989178, 590.0], [569.1520916798918, 590.0], [569.1520916798918, 1000.0], [389.1520916798918, 920.0], [249.15209167989178, 590.0]], [[548.0653275003964, 31.153959586451492], [728.0653275003964, 181.1539595864515], [708.0653275003964, 411.1539595864515], [678.0653275003964, 651.1539595864515], [588.0653275003964, 601.1539595864515], [198.0653275003964, 371.1539595864515], [548.0653275003964, 31.153959586451492]], [[111.87936440716446, 770.0], [261.8793644071645, 620.0], [401.8793644071645, 950.0], [341.8793644071645, 960.0], [91.87936440716446, 1000.0], [111.87936440716446, 770.0]], [[0.0, 337.76085658103557], [390.0, 567.7608565810356], [200.0, 597.7608565810356], [0.0, 997.7608565810356], [0.0, 337.76085658103557]], [[749.4700196383487, 40.0], [999.4700196383487, 0.0], [1019.4700196383487, 180.0], [1039.4700196383487, 390.0], [969.4700196383487, 370.0], [719.4700196383487, 280.0], [749.4700196383487, 40.0]], [[767.90953636179, 333.64686997433637], [827.90953636179, 323.64686997433637], [1007.90953636179, 403.64686997433637], [787.90953636179, 513.6468699743364], [767.90953636179, 333.64686997433637]], [[168.72940570672728, 176.09143445632208], [388.7294057067273, 66.09143445632208], [188.72940570672728, 386.0914344563221], [168.72940570672728, 176.09143445632208]], [[778.9410939691444, 950.0], [978.9410939691444, 630.0], [978.9410939691444, 1000.0]], [[699.2436773571209, 481.72716073265553], [949.2436773571209, 571.7271607326555], [689.2436773571209, 631.7271607326555], [699.2436773571209, 481.72716073265553]], [[1149.6697986983008, 551.2145078819276], [1339.6697986983008, 521.2145078819276], [1429.6697986983008, 571.2145078819276], [1419.6697986983008, 721.2145078819276], [1389.6697986983008, 951.2145078819276], [1149.6697986983008, 551.2145078819276]], [[1178.9410939691443, 600.0], [1418.9410939691443, 1000.0], [978.9410939691443, 1000.0], [1178.9410939691443, 600.0]], [[1088.7029987310493, 60.0], [1348.7029987310493, 0.0], [1418.7029987310493, 20.0], [1058.7029987310493, 290.0], [1088.7029987310493, 60.0]], [[869.6697986983008, 517.3501657050359], [1229.6697986983008, 247.35016570503592], [1429.6697986983008, 517.3501657050359], [869.6697986983008, 517.3501657050359]], [[1229.6697986983008, 237.74882413441605], [1429.6697986983008, 287.74882413441605], [1429.6697986983008, 507.74882413441605], [1229.6697986983008, 237.74882413441605]]]"
Wed Jul  1 15:26:44 2020,True,1372.4830067503688,0.7286064709593034,"[0, 0, 0, 0, 0, 0, 0, 0, 0, 0, 0, 0, 0, 0, 0, 0]","[[[203.43967874681726, 0.0], [553.4396787468172, 0.0], [203.43967874681726, 340.0], [203.43967874681726, 0.0]], [[577.9829867802589, 679.0116900558147], [907.9829867802589, 679.0116900558147], [757.9829867802589, 829.0116900558147], [577.9829867802589, 679.0116900558147]], [[251.02752823424532, 589.7038784387863], [571.0275282342453, 589.7038784387863], [571.0275282342453, 999.7038784387863], [391.0275282342453, 919.7038784387863], [251.02752823424532, 589.7038784387863]], [[550.0, 3.341402211193895], [730.0, 153.3414022111939], [710.0, 383.3414022111939], [680.0, 623.3414022111939], [590.0, 573.3414022111939], [200.0, 343.3414022111939], [550.0, 3.341402211193895]], [[113.88042829051776, 770.0], [263.8804282905178, 620.0], [403.8804282905178, 950.0], [343.8804282905178, 960.0], [93.88042829051776, 1000.0], [113.88042829051776, 770.0]], [[0.0, 337.76085658103557], [390.0, 567.7608565810356], [200.0, 597.7608565810356], [0.0, 997.7608565810356], [0.0, 337.76085658103557]], [[748.9862088879299, 40.0], [998.9862088879299, 0.0], [1018.9862088879299, 180.0], [1038.98620888793, 390.0], [968.9862088879299, 370.0], [718.9862088879299, 280.0], [748.9862088879299, 40.0]], [[655.2066841546757, 820.0], [715.2066841546757, 810.0], [895.2066841546757, 890.0], [675.2066841546757, 1000.0], [655.2066841546757, 820.0]], [[877.970857431319, 709.0238194047546], [1097.970857431319, 599.0238194047546], [897.970857431319, 919.0238194047546], [877.970857431319, 709.0238194047546]], [[0.0, 337.76085658103557], [200.0, 17.76085658103557], [200.0, 387.76085658103557], [0.0, 337.76085658103557]], [[1122.4830067503688, 0.0], [1372.4830067503688, 90.0], [1112.4830067503688, 150.0], [1122.4830067503688, 0.0]], [[1092.4830067503688, 589.8774016031709], [1282.4830067503688, 559.8774016031709], [1372.4830067503688, 609.8774016031709], [1362.4830067503688, 759.8774016031709], [1332.4830067503688, 989.8774016031709], [1092.4830067503688, 589.8774016031709]], [[1098.5565657884663, 600.0], [1338.5565657884663, 1000.0], [898.5565657884663, 1000.0], [1098.5565657884663, 600.0]], [[708.9862088879299, 430.0], [968.9862088879299, 370.0], [1038.98620888793, 390.0], [678.9862088879299, 660.0], [708.9862088879299, 430.0]], [[812.4830067503688, 559.8774016031709], [1172.4830067503688, 289.87740160317094], [1372.4830067503688, 559.8774016031709], [812.4830067503688, 559.8774016031709]], [[1172.4830067503688, 237.74882413441605], [1372.4830067503688, 287.74882413441605], [1372.4830067503688, 507.74882413441605], [1172.4830067503688, 237.74882413441605]]]"
Wed Jul  1 15:27:02 2020,True,1317.583686480354,0.7589650739159411,"[0, 0, 0, 0, 0, 0, 0, 0, 0, 0, 0, 0, 0, 0, 0, 0]","[[[200.0, 0.0], [550.0, 0.0], [200.0, 340.0], [200.0, 0.0]], [[577.9829867802589, 679.0116900558147], [907.9829867802589, 679.0116900558147], [757.9829867802589, 829.0116900558147], [577.9829867802589, 679.0116900558147]], [[257.9829867802589, 590.0], [577.9829867802589, 590.0], [577.9829867802589, 1000.0], [397.9829867802589, 920.0], [257.9829867802589, 590.0]], [[550.0, 0.0], [730.0, 150.0], [710.0, 380.0], [680.0, 620.0], [590.0, 570.0], [200.0, 340.0], [550.0, 0.0]], [[114.99999999999997, 770.0], [265.0, 620.0], [405.0, 950.0], [345.0, 960.0], [94.99999999999997, 1000.0], [114.99999999999997, 770.0]], [[0.0, 340.0], [390.0, 570.0], [200.0, 600.0], [0.0, 1000.0], [0.0, 340.0]], [[748.695652173913, 40.0], [998.695652173913, 0.0], [1018.695652173913, 180.0], [1038.695652173913, 390.0], [968.695652173913, 370.0], [718.695652173913, 280.0], [748.695652173913, 40.0]], [[653.0605951484124, 819.046182663883], [713.0605951484124, 809.046182663883], [893.0605951484124, 889.046182663883], [673.0605951484124, 999.046182663883], [653.0605951484124, 819.046182663883]], [[0.0, 710.2086852648283], [220.0, 600.2086852648283], [20.0, 920.2086852648283], [0.0, 710.2086852648283]], [[0.0, 320.0], [200.0, 0.0], [200.0, 370.0], [0.0, 320.0]], [[718.695652173913, 280.0], [968.695652173913, 370.0], [708.695652173913, 430.0], [718.695652173913, 280.0]], [[1037.583686480354, 142.9267886414268], [1227.583686480354, 112.92678864142681], [1317.583686480354, 162.9267886414268], [1307.583686480354, 312.9267886414268], [1277.583686480354, 542.9267886414268], [1037.583686480354, 142.9267886414268]], [[1037.583686480354, 600.0], [1277.583686480354, 1000.0], [837.5836864803539, 1000.0], [1037.583686480354, 600.0]], [[704.6611694152924, 430.9310344827586], [964.6611694152924, 370.9310344827586], [1034.6611694152925, 390.9310344827586], [674.6611694152924, 660.9310344827586], [704.6611694152924, 430.9310344827586]], [[757.5836864803539, 600.8339742701694], [1117.583686480354, 330.8339742701694], [1317.583686480354, 600.8339742701694], [757.5836864803539, 600.8339742701694]], [[1115.583686480354, 730.0], [1315.583686480354, 780.0], [1315.583686480354, 1000.0], [1115.583686480354, 730.0]]]"
Wed Jul  1 15:29:46 2020,True,1264.8803390211397,0.7905886186624387,"[0, 0, 0, 0, 0, 0, 0, 0, 0, 0, 0, 0, 0, 0, 0, 0]","[[[86.16303698616964, 0.0], [436.16303698616963, 0.0], [86.16303698616964, 340.0], [86.16303698616964, 0.0]], [[651.7407448067671, 609.8546956607796], [981.7407448067671, 609.8546956607796], [831.7407448067671, 759.8546956607796], [651.7407448067671, 609.8546956607796]], [[944.8803390211397, 0.0], [1264.8803390211397, 0.0], [1264.8803390211397, 410.0], [1084.8803390211397, 330.0], [944.8803390211397, 0.0]], [[456.18468684722677, 0.0], [636.1846868472268, 150.0], [616.1846868472268, 380.0], [586.1846868472268, 620.0], [496.18468684722677, 570.0], [106.18468684722677, 340.0], [456.18468684722677, 0.0]], [[846.8803390211397, 770.0], [996.8803390211397, 620.0], [1136.8803390211397, 950.0], [1076.8803390211397, 960.0], [826.8803390211397, 1000.0], [846.8803390211397, 770.0]], [[0.0, 289.1859012645666], [390.0, 519.1859012645666], [200.0, 549.1859012645666], [0.0, 949.1859012645666], [0.0, 289.1859012645666]], [[654.8803390211398, 40.0], [904.8803390211398, 0.0], [924.8803390211398, 180.0], [944.8803390211398, 390.0], [874.8803390211398, 370.0], [624.8803390211398, 280.0], [654.8803390211398, 40.0]], [[609.2456745746391, 697.6346644465006], [669.2456745746391, 687.6346644465006], [849.2456745746391, 767.6346644465006], [629.2456745746391, 877.6346644465006], [609.2456745746391, 697.6346644465006]], [[207.1938161029998, 665.8386152468536], [427.1938161029998, 555.8386152468536], [227.1938161029998, 875.8386152468536], [207.1938161029998, 665.8386152468536]], [[7.19381610299979, 934.798269058567], [207.1938161029998, 614.798269058567], [207.1938161029998, 984.798269058567], [7.19381610299979, 934.798269058567]], [[624.8803390211398, 280.0], [874.8803390211398, 370.0], [614.8803390211398, 430.0], [624.8803390211398, 280.0]], [[984.8803390211397, 600.0], [1174.8803390211397, 570.0], [1264.8803390211397, 620.0], [1254.8803390211397, 770.0], [1224.8803390211397, 1000.0], [984.8803390211397, 600.0]], [[399.5929506322833, 600.0], [639.5929506322833, 1000.0], [199.5929506322833, 1000.0], [399.5929506322833, 600.0]], [[614.8803390211399, 430.0], [874.8803390211399, 370.0], [944.8803390211399, 390.0], [584.8803390211399, 660.0], [614.8803390211399, 430.0]], [[704.8803390211397, 570.0000000000001], [1064.8803390211397, 300.0000000000001], [1264.8803390211397, 570.0000000000001], [704.8803390211397, 570.0000000000001]], [[409.2456745746391, 616.0878732372597], [609.2456745746391, 666.0878732372597], [609.2456745746391, 886.0878732372597], [409.2456745746391, 616.0878732372597]]]"
Wed Jul  1 15:30:17 2020,True,1214.285125460294,0.823529811106707,"[0, 0, 0, 0, 0, 0, 0, 0, 0, 0, 0, 0, 0, 0, 0, 0]","[[[61.11659183707218, 0.0], [411.1165918370722, 0.0], [61.11659183707218, 340.0], [61.11659183707218, 0.0]], [[596.285125460294, 630.0], [926.285125460294, 630.0], [776.285125460294, 780.0], [596.285125460294, 630.0]], [[894.285125460294, 0.0], [1214.285125460294, 0.0], [1214.285125460294, 410.0], [1034.285125460294, 330.0], [894.285125460294, 0.0]], [[411.1165918370722, 0.0], [591.1165918370722, 150.0], [571.1165918370722, 380.0], [541.1165918370722, 620.0], [451.1165918370722, 570.0], [61.11659183707218, 340.0], [411.1165918370722, 0.0]], [[796.285125460294, 770.0], [946.285125460294, 620.0], [1086.285125460294, 950.0], [1026.285125460294, 960.0], [776.285125460294, 1000.0], [796.285125460294, 770.0]], [[0.0, 303.9568817371113], [390.0, 533.9568817371113], [200.0, 563.9568817371113], [0.0, 963.9568817371113], [0.0, 303.9568817371113]], [[609.8122440109852, 40.0], [859.8122440109852, 0.0], [879.8122440109852, 180.0], [899.8122440109852, 390.0], [829.8122440109852, 370.0], [579.8122440109852, 280.0], [609.8122440109852, 40.0]], [[244.09397876733703, 557.5209903527949], [304.09397876733703, 547.5209903527949], [484.09397876733703, 627.5209903527949], [264.09397876733703, 737.5209903527949], [244.09397876733703, 557.5209903527949]], [[252.14720206147092, 762.2758467976462], [472.1472020614709, 652.2758467976462], [272.1472020614709, 972.2758467976462], [252.14720206147092, 762.2758467976462]], [[52.14720206147092, 950.0], [252.14720206147092, 630.0], [252.14720206147092, 1000.0], [52.14720206147092, 950.0]], [[579.6124002674102, 282.2982030511122], [829.6124002674102, 372.2982030511122], [569.6124002674102, 432.2982030511122], [579.6124002674102, 282.2982030511122]], [[934.285125460294, 600.0], [1124.285125460294, 570.0], [1214.285125460294, 620.0], [1204.285125460294, 770.0], [1174.285125460294, 1000.0], [934.285125460294, 600.0]], [[498.285125460294, 600.0], [738.285125460294, 1000.0], [298.285125460294, 1000.0], [498.285125460294, 600.0]], [[565.4748946133949, 433.25301204819266], [825.4748946133949, 373.25301204819266], [895.4748946133949, 393.25301204819266], [535.4748946133949, 663.2530120481927], [565.4748946133949, 433.25301204819266]], [[654.285125460294, 574.1453389130183], [1014.285125460294, 304.14533891301835], [1214.285125460294, 574.1453389130183], [654.285125460294, 574.1453389130183]], [[576.285125460294, 730.0], [776.285125460294, 780.0], [776.285125460294, 1000.0], [576.285125460294, 730.0]]]"
Wed Jul  1 15:34:56 2020,True,1753.3942489200917,0.5703223907663071,"[0, 0, 0, 0, 0, 0, 0, 0, 0, 0, 0, 0, 0, 0, 0, 0]","[[[0.0, 0.0], [350.0, 0.0], [0.0, 340.0]], [[0.0, 340.0], [330.0, 340.0], [180.0, 490.0]], [[0.0, 490.0], [320.0, 490.0], [320.0, 900.0], [140.0, 820.0]], [[581.9354838709677, 98.06451612903231], [761.9354838709677, 248.0645161290323], [741.9354838709677, 478.0645161290323], [711.9354838709677, 718.0645161290323], [621.9354838709677, 668.0645161290323], [231.9354838709677, 438.0645161290323]], [[331.30434782608694, 770.0], [481.30434782608694, 620.0], [621.304347826087, 950.0], [561.304347826087, 960.0], [311.30434782608694, 1000.0]], [[753.9410939691444, 340.0], [1143.9410939691443, 570.0], [953.9410939691444, 600.0], [753.9410939691444, 1000.0]], [[783.9410939691445, 100.00000000000011], [1033.9410939691445, 60.000000000000114], [1053.9410939691445, 240.0000000000001], [1073.9410939691445, 450.0000000000001], [1003.9410939691445, 430.0000000000001], [753.9410939691445, 340.0000000000001]], [[0.0, 794.4444444444445], [60.0, 784.4444444444445], [240.0, 864.4444444444445], [20.0, 974.4444444444445]], [[216.17647058823528, 130.0], [436.17647058823525, 20.0], [236.17647058823528, 340.0]], [[778.9410939691444, 950.0], [978.9410939691444, 630.0], [978.9410939691444, 1000.0]], [[988.9410939691444, 594.4736842105264], [1238.9410939691443, 684.4736842105264], [978.9410939691444, 744.4736842105264]], [[1015.9410939691445, 30.0], [1205.9410939691445, 0.0], [1295.9410939691445, 50.0], [1285.9410939691445, 200.0], [1255.9410939691445, 430.0]], [[1281.1779360744074, 600.0], [1521.1779360744074, 1000.0], [1081.1779360744074, 1000.0]], [[1304.201963534362, 60.0], [1564.201963534362, 0.0], [1634.201963534362, 20.0], [1274.201963534362, 290.0], [1304.201963534362, 60.0]], [[1193.3942489200917, 600.0], [1553.3942489200917, 330.0], [1753.3942489200917, 600.0], [1193.3942489200917, 600.0]], [[498.53760557549856, 660.6212504093272], [698.5376055754986, 710.6212504093272], [698.5376055754986, 930.6212504093272]]]"
Wed Jul  1 15:34:56 2020,True,1683.258478963288,0.5940858237149031,"[0, 0, 0, 0, 0, 0, 0, 0, 0, 0, 0, 0, 0, 0, 0, 0]","[[[0.0, 0.0], [350.0, 0.0], [0.0, 340.0]], [[0.0, 340.0], [330.0, 340.0], [180.0, 490.0]], [[0.0, 490.0], [320.0, 490.0], [320.0, 900.0], [140.0, 820.0]], [[581.9354838709677, 98.06451612903231], [761.9354838709677, 248.0645161290323], [741.9354838709677, 478.0645161290323], [711.9354838709677, 718.0645161290323], [621.9354838709677, 668.0645161290323], [231.9354838709677, 438.0645161290323]], [[331.30434782608694, 770.0], [481.30434782608694, 620.0], [621.304347826087, 950.0], [561.304347826087, 960.0], [311.30434782608694, 1000.0]], [[753.9410939691444, 340.0], [1143.9410939691443, 570.0], [953.9410939691444, 600.0], [753.9410939691444, 1000.0]], [[783.9410939691445, 100.00000000000011], [1033.9410939691445, 60.000000000000114], [1053.9410939691445, 240.0000000000001], [1073.9410939691445, 450.0000000000001], [1003.9410939691445, 430.0000000000001], [753.9410939691445, 340.0000000000001]], [[0.0, 794.4444444444445], [60.0, 784.4444444444445], [240.0, 864.4444444444445], [20.0, 974.4444444444445]], [[216.17647058823528, 130.0], [436.17647058823525, 20.0], [236.17647058823528, 340.0]], [[778.9410939691444, 950.0], [978.9410939691444, 630.0], [978.9410939691444, 1000.0]], [[988.9410939691444, 594.4736842105264], [1238.9410939691443, 684.4736842105264], [978.9410939691444, 744.4736842105264]], [[1015.9410939691445, 30.0], [1205.9410939691445, 0.0], [1295.9410939691445, 50.0], [1285.9410939691445, 200.0], [1255.9410939691445, 430.0]], [[1281.1779360744074, 600.0], [1521.1779360744074, 1000.0], [1081.1779360744074, 1000.0]], [[1304.201963534362, 60.0], [1564.201963534362, 0.0], [1634.201963534362, 20.0], [1274.201963534362, 290.0], [1304.201963534362, 60.0]], [[1123.258478963288, 600.0], [1483.258478963288, 330.0], [1683.258478963288, 600.0], [1123.258478963288, 600.0]], [[498.53760557549856, 660.6212504093272], [698.5376055754986, 710.6212504093272], [698.5376055754986, 930.6212504093272]]]"
Wed Jul  1 15:34:57 2020,True,1615.9281398047565,0.6188393997030242,"[0, 0, 0, 0, 0, 0, 0, 0, 0, 0, 0, 0, 0, 0, 0, 0]","[[[0.0, 0.0], [350.0, 0.0], [0.0, 340.0]], [[1285.9281398047565, 0.0], [1615.9281398047565, 0.0], [1465.9281398047565, 150.0], [1285.9281398047565, 0.0]], [[0.0, 490.0], [320.0, 490.0], [320.0, 900.0], [140.0, 820.0]], [[554.6286650697676, 87.14401528289454], [734.6286650697676, 237.14401528289454], [714.6286650697676, 467.14401528289454], [684.6286650697676, 707.1440152828945], [594.6286650697676, 657.1440152828945], [204.62866506976764, 427.14401528289454], [554.6286650697676, 87.14401528289454]], [[331.30434782608694, 770.0], [481.30434782608694, 620.0], [621.304347826087, 950.0], [561.304347826087, 960.0], [311.30434782608694, 1000.0]], [[727.0630287192238, 324.14883331414944], [1117.063028719224, 554.1488333141494], [927.0630287192238, 584.1488333141494], [727.0630287192238, 984.1488333141494], [727.0630287192238, 324.14883331414944]], [[783.9410939691445, 100.00000000000011], [1033.9410939691445, 60.000000000000114], [1053.9410939691445, 240.0000000000001], [1073.9410939691445, 450.0000000000001], [1003.9410939691445, 430.0000000000001], [753.9410939691445, 340.0000000000001]], [[0.0, 794.4444444444445], [60.0, 784.4444444444445], [240.0, 864.4444444444445], [20.0, 974.4444444444445]], [[216.17647058823528, 130.0], [436.17647058823525, 20.0], [236.17647058823528, 340.0]], [[778.9410939691444, 950.0], [978.9410939691444, 630.0], [978.9410939691444, 1000.0]], [[988.9410939691444, 594.4736842105264], [1238.9410939691443, 684.4736842105264], [978.9410939691444, 744.4736842105264]], [[1015.9410939691445, 30.0], [1205.9410939691445, 0.0], [1295.9410939691445, 50.0], [1285.9410939691445, 200.0], [1255.9410939691445, 430.0]], [[1281.1779360744074, 600.0], [1521.1779360744074, 1000.0], [1081.1779360744074, 1000.0]], [[1285.9281398047565, 200.09931526030817], [1545.9281398047565, 140.09931526030817], [1615.9281398047565, 160.09931526030817], [1255.9281398047565, 430.0993152603082], [1285.9281398047565, 200.09931526030817]], [[1055.9281398047565, 600.0], [1415.9281398047565, 330.0], [1615.9281398047565, 600.0], [1055.9281398047565, 600.0]], [[498.53760557549856, 660.6212504093272], [698.5376055754986, 710.6212504093272], [698.5376055754986, 930.6212504093272]]]"
Wed Jul  1 15:34:59 2020,True,1551.291014212566,0.6446243746906501,"[0, 0, 0, 0, 0, 0, 0, 0, 0, 0, 0, 0, 0, 0, 0, 0]","[[[0.0, 0.0], [350.0, 0.0], [0.0, 340.0]], [[1221.291014212566, 0.0], [1551.291014212566, 0.0], [1401.291014212566, 150.0], [1221.291014212566, 0.0]], [[0.0, 490.0], [320.0, 490.0], [320.0, 900.0], [140.0, 820.0]], [[521.7597372125763, 62.57625527921164], [701.7597372125763, 212.57625527921164], [681.7597372125763, 442.57625527921164], [651.7597372125763, 682.5762552792116], [561.7597372125763, 632.5762552792116], [171.75973721257628, 402.57625527921164], [521.7597372125763, 62.57625527921164]], [[331.30434782608694, 770.0], [481.30434782608694, 620.0], [621.304347826087, 950.0], [561.304347826087, 960.0], [311.30434782608694, 1000.0]], [[727.0630287192238, 324.14883331414944], [1117.063028719224, 554.1488333141494], [927.0630287192238, 584.1488333141494], [727.0630287192238, 984.1488333141494], [727.0630287192238, 324.14883331414944]], [[783.9410939691445, 100.00000000000011], [1033.9410939691445, 60.000000000000114], [1053.9410939691445, 240.0000000000001], [1073.9410939691445, 450.0000000000001], [1003.9410939691445, 430.0000000000001], [753.9410939691445, 340.0000000000001]], [[0.0, 794.4444444444445], [60.0, 784.4444444444445], [240.0, 864.4444444444445], [20.0, 974.4444444444445]], [[216.17647058823528, 130.0], [436.17647058823525, 20.0], [236.17647058823528, 340.0]], [[744.1374453762985, 950.0], [944.1374453762985, 630.0], [944.1374453762985, 1000.0], [744.1374453762985, 950.0]], [[1053.9410939691445, 0.0], [1303.9410939691445, 90.0], [1043.9410939691445, 150.0], [1053.9410939691445, 0.0]], [[1271.291014212566, 170.52631578947364], [1461.291014212566, 140.52631578947364], [1551.291014212566, 190.52631578947364], [1541.291014212566, 340.52631578947364], [1511.291014212566, 570.5263157894736], [1271.291014212566, 170.52631578947364]], [[1281.1779360744074, 600.0], [1521.1779360744074, 1000.0], [1081.1779360744074, 1000.0]], [[990.0520492489388, 610.8444151191014], [1250.0520492489388, 550.8444151191014], [1320.0520492489388, 570.8444151191014], [960.0520492489388, 840.8444151191014], [990.0520492489388, 610.8444151191014]], [[939.4818738103428, 550.8444151191014], [1299.4818738103427, 280.8444151191014], [1499.4818738103427, 550.8444151191014], [939.4818738103428, 550.8444151191014]], [[498.53760557549856, 660.6212504093272], [698.5376055754986, 710.6212504093272], [698.5376055754986, 930.6212504093272]]]"
Wed Jul  1 15:39:52 2020,True,1226.4279767148969,0.8153760506007001,"[0, 0, 0, 0, 0, 0, 0, 0, 0, 0, 0, 0, 0, 0, 0, 0]","[[[815.7137204418823, 0.0], [1165.7137204418823, 0.0], [815.7137204418823, 340.0], [815.7137204418823, 0.0]], [[506.9032170875539, 568.2655819293192], [836.9032170875539, 568.2655819293192], [686.9032170875539, 718.2655819293192], [506.9032170875539, 568.2655819293192]], [[481.29955859559277, 0.0], [801.2995585955928, 0.0], [801.2995585955928, 410.0], [621.2995585955928, 330.0], [481.29955859559277, 0.0]], [[369.1845785825591, 10.01468996927781], [549.1845785825591, 160.0146899692778], [529.1845785825591, 390.0146899692778], [499.1845785825591, 630.0146899692778], [409.1845785825591, 580.0146899692778], [19.184578582559084, 350.0146899692778], [369.1845785825591, 10.01468996927781]], [[418.98451877237096, 770.0], [568.984518772371, 620.0], [708.984518772371, 950.0], [648.984518772371, 960.0], [398.98451877237096, 1000.0], [418.98451877237096, 770.0]], [[0.0, 338.7007077282814], [390.0, 568.7007077282814], [200.0, 598.7007077282814], [0.0, 998.7007077282814], [0.0, 338.7007077282814]], [[112.23625344707136, 612.6050512409457], [362.23625344707136, 572.6050512409457], [382.23625344707136, 752.6050512409457], [402.23625344707136, 962.6050512409457], [332.23625344707136, 942.6050512409457], [82.23625344707136, 852.6050512409457], [112.23625344707136, 612.6050512409457]], [[534.6026093307712, 340.0], [594.6026093307712, 330.0], [774.6026093307712, 410.0], [554.6026093307712, 520.0], [534.6026093307712, 340.0]], [[681.0132446527897, 721.2105681467012], [901.0132446527897, 611.2105681467012], [701.0132446527897, 931.2105681467012], [681.0132446527897, 721.2105681467012]], [[965.7137204418823, 320.0], [1165.7137204418823, 0.0], [1165.7137204418823, 370.0], [965.7137204418823, 320.0]], [[75.0, 850.0], [325.0, 940.0], [65.0, 1000.0], [75.0, 850.0]], [[906.6185287261403, 600.0], [1096.6185287261403, 570.0], [1186.6185287261403, 620.0], [1176.6185287261403, 770.0], [1146.6185287261403, 1000.0], [906.6185287261403, 600.0]], [[906.6185287261403, 600.0], [1146.6185287261403, 1000.0], [706.6185287261403, 1000.0], [906.6185287261403, 600.0]], [[30.0, 60.0], [290.0, 0.0], [360.0, 20.0], [0.0, 290.0], [30.0, 60.0]], [[589.8515197824931, 568.5860291098247], [949.8515197824931, 298.5860291098247], [1149.8515197824931, 568.5860291098247], [589.8515197824931, 568.5860291098247]], [[965.7137204418823, 320.0], [1165.7137204418823, 370.0], [1165.7137204418823, 590.0], [965.7137204418823, 320.0]]]"
Wed Jul  1 15:41:07 2020,True,1238.6922564820459,0.8073030203967327,"[0, 0, 0, 0, 0, 0, 0, 0, 0, 0, 0, 0, 0, 0, 0, 0]","[[[0.0, 590.0], [350.0, 590.0], [0.0, 930.0], [0.0, 590.0]], [[336.0, 0.0], [666.0, 0.0], [516.0, 150.0], [336.0, 0.0]], [[698.6922564820459, 0.0], [1018.6922564820459, 0.0], [1018.6922564820459, 410.0], [838.6922564820459, 330.0], [698.6922564820459, 0.0]], [[352.6794986276349, 25.49037602927376], [532.679498627635, 175.49037602927376], [512.679498627635, 405.49037602927376], [482.6794986276349, 645.4903760292738], [392.6794986276349, 595.4903760292738], [2.6794986276349277, 365.49037602927376], [352.6794986276349, 25.49037602927376]], [[534.8960530649631, 150.0], [684.8960530649631, 0.0], [824.8960530649631, 330.0], [764.8960530649631, 340.0], [514.8960530649631, 380.0], [534.8960530649631, 150.0]], [[824.8960530649631, 330.0], [1214.896053064963, 560.0], [1024.896053064963, 590.0], [824.8960530649631, 990.0], [824.8960530649631, 330.0]], [[534.8960530649631, 376.79999999999995], [784.8960530649631, 336.79999999999995], [804.8960530649631, 516.8], [824.8960530649631, 726.8], [754.8960530649631, 706.8], [504.8960530649631, 616.8], [534.8960530649631, 376.79999999999995]], [[532.5560428314861, 756.6789883247898], [592.5560428314861, 746.6789883247898], [772.5560428314861, 826.6789883247898], [552.5560428314861, 936.6789883247898], [532.5560428314861, 756.6789883247898]], [[1018.6922564820459, 110.0], [1238.6922564820459, 0.0], [1038.6922564820459, 320.0], [1018.6922564820459, 110.0]], [[1038.6922564820459, 320.0], [1238.6922564820459, 0.0], [1238.6922564820459, 370.0], [1038.6922564820459, 320.0]], [[485.8965125637413, 619.7542645404232], [735.8965125637412, 709.7542645404232], [475.8965125637413, 769.7542645404232], [485.8965125637413, 619.7542645404232]], [[951.3708576463009, 600.0], [1141.370857646301, 570.0], [1231.370857646301, 620.0], [1221.370857646301, 770.0], [1191.370857646301, 1000.0], [951.3708576463009, 600.0]], [[339.7058823529412, 600.0], [579.7058823529412, 1000.0], [139.70588235294122, 1000.0], [339.7058823529412, 600.0]], [[30.0, 60.0], [290.0, 0.0], [360.0, 20.0], [0.0, 290.0], [30.0, 60.0]], [[631.3708576463009, 1000.0], [991.3708576463009, 730.0], [1191.370857646301, 1000.0], [631.3708576463009, 1000.0]], [[1038.6922564820459, 322.1248746130618], [1238.6922564820459, 372.1248746130618], [1238.6922564820459, 592.1248746130618], [1038.6922564820459, 322.1248746130618]]]"
Wed Jul  1 15:43:34 2020,True,1251.0791790468663,0.799309921184884,"[0, 0, 0, 0, 0, 0, 0, 0, 0, 0, 0, 0, 0, 0, 0, 0]","[[[0.0, 0.0], [350.0, 0.0], [0.0, 340.0], [0.0, 0.0]], [[902.2927673516845, 30.058258712291064], [1232.2927673516845, 30.058258712291064], [1082.2927673516845, 180.05825871229106], [902.2927673516845, 30.058258712291064]], [[0.0, 590.0], [320.0, 590.0], [320.0, 1000.0], [140.0, 920.0], [0.0, 590.0]], [[352.6086956521739, 0.0], [532.6086956521739, 150.0], [512.6086956521739, 380.0], [482.6086956521739, 620.0], [392.6086956521739, 570.0], [2.6086956521738784, 340.0], [352.6086956521739, 0.0]], [[532.6086956521739, 150.0], [682.6086956521739, 0.0], [822.6086956521739, 330.0], [762.6086956521739, 340.0], [512.6086956521739, 380.0], [532.6086956521739, 150.0]], [[822.6086956521739, 26.91124206898985], [1212.608695652174, 256.91124206898985], [1022.6086956521739, 286.91124206898985], [822.6086956521739, 686.9112420689898], [822.6086956521739, 26.91124206898985]], [[350.0, 641.8584246670731], [600.0, 601.8584246670731], [620.0, 781.8584246670731], [640.0, 991.8584246670731], [570.0, 971.8584246670731], [320.0, 881.8584246670731], [350.0, 641.8584246670731]], [[0.0, 410.0], [60.0, 400.0], [240.0, 480.0], [20.0, 590.0], [0.0, 410.0]], [[599.9999999999997, 571.85842466707], [819.9999999999997, 461.85842466707004], [619.9999999999997, 781.85842466707], [599.9999999999997, 571.85842466707]], [[1047.9903020540044, 324.94220318857924], [1247.9903020540044, 4.942203188579242], [1247.9903020540044, 374.94220318857924], [1047.9903020540044, 324.94220318857924]], [[509.86815207337617, 401.9243486303818], [759.8681520733762, 491.9243486303818], [499.86815207337617, 551.9243486303818], [509.86815207337617, 401.9243486303818]], [[971.0791790468663, 389.9702752796052], [1161.0791790468663, 359.9702752796052], [1251.0791790468663, 409.9702752796052], [1241.0791790468663, 559.9702752796052], [1211.0791790468663, 789.9702752796052], [971.0791790468663, 389.9702752796052]], [[917.4047956281897, 300.5129695818107], [1157.4047956281897, 700.5129695818107], [717.4047956281897, 700.5129695818107], [917.4047956281897, 300.5129695818107]], [[671.7939401136831, 760.5129695818107], [931.7939401136831, 700.5129695818107], [1001.7939401136831, 720.5129695818107], [641.7939401136831, 990.5129695818107], [671.7939401136831, 760.5129695818107]], [[629.1445662227641, 1000.0], [989.1445662227641, 730.0], [1189.144566222764, 1000.0], [629.1445662227641, 1000.0]], [[989.1445662227641, 730.0], [1189.144566222764, 780.0], [1189.144566222764, 1000.0], [989.1445662227641, 730.0]]]"
Wed Jul  1 15:51:02 2020,True,1201.0360118849917,0.832614501234254,"[0, 0, 0, 0, 0, 0, 0, 0, 0, 0, 0, 0, 0, 0, 0, 0]","[[[47.80150874982519, 0.0], [397.8015087498252, 0.0], [47.80150874982519, 340.0], [47.80150874982519, 0.0]], [[871.0360118849917, 0.0], [1201.0360118849917, 0.0], [1051.0360118849917, 150.0], [871.0360118849917, 0.0]], [[737.7444921119304, 590.0], [1057.7444921119304, 590.0], [1057.7444921119304, 1000.0], [877.7444921119304, 920.0], [737.7444921119304, 590.0]], [[397.8015087498252, 0.0], [577.8015087498252, 150.0], [557.8015087498252, 380.0], [527.8015087498252, 620.0], [437.8015087498252, 570.0], [47.80150874982519, 340.0], [397.8015087498252, 0.0]], [[50.0, 725.1856405480435], [200.0, 575.1856405480435], [340.0, 905.1856405480435], [280.0, 915.1856405480435], [30.0, 955.1856405480435], [50.0, 725.1856405480435]], [[0.0, 315.18564054804347], [390.0, 545.1856405480435], [200.0, 575.1856405480435], [0.0, 975.1856405480435], [0.0, 315.18564054804347]], [[596.4971609237382, 40.0], [846.4971609237382, 0.0], [866.4971609237382, 180.0], [886.4971609237382, 390.0], [816.4971609237382, 370.0], [566.4971609237382, 280.0], [596.4971609237382, 40.0]], [[857.6899478867899, 100.73508266746586], [917.6899478867899, 90.73508266746586], [1097.68994788679, 170.73508266746586], [877.6899478867899, 280.73508266746586], [857.6899478867899, 100.73508266746586]], [[473.13391441559367, 698.1769243141389], [693.1339144155936, 588.1769243141389], [493.13391441559367, 908.1769243141389], [473.13391441559367, 698.1769243141389]], [[1001.0360118849917, 325.381380270343], [1201.0360118849917, 5.381380270343016], [1201.0360118849917, 375.381380270343], [1001.0360118849917, 325.381380270343]], [[588.5940438417331, 287.95487785047817], [838.5940438417331, 377.95487785047817], [578.5940438417331, 437.95487785047817], [588.5940438417331, 287.95487785047817]], [[200.0, 575.1856405480435], [390.0, 545.1856405480435], [480.0, 595.1856405480435], [470.0, 745.1856405480435], [440.0, 975.1856405480435], [200.0, 575.1856405480435]], [[685.7444921119304, 600.0], [925.7444921119304, 1000.0], [485.7444921119304, 1000.0], [685.7444921119304, 600.0]], [[550.7071189153569, 444.39032206425725], [810.7071189153569, 384.39032206425725], [880.7071189153569, 404.39032206425725], [520.7071189153569, 674.3903220642572], [550.7071189153569, 444.39032206425725]], [[635.699377843359, 588.1769243141389], [995.699377843359, 318.1769243141389], [1195.699377843359, 588.1769243141389], [635.699377843359, 588.1769243141389]], [[1001.0360118849917, 325.381380270343], [1201.0360118849917, 375.381380270343], [1201.0360118849917, 595.381380270343], [1001.0360118849917, 325.381380270343]]]"
Wed Jul  1 15:51:15 2020,True,1152.994571409592,0.8673067721190147,"[0, 0, 0, 0, 0, 0, 0, 0, 0, 0, 0, 0, 0, 0, 0, 0]","[[[0.0, 0.0], [350.0, 0.0], [0.0, 340.0], [0.0, 0.0]], [[822.994571409592, 0.0], [1152.994571409592, 0.0], [1002.994571409592, 150.0], [822.994571409592, 0.0]], [[742.1842019273115, 590.0], [1062.1842019273115, 590.0], [1062.1842019273115, 1000.0], [882.1842019273115, 920.0], [742.1842019273115, 590.0]], [[350.00000000000006, 0.0], [530.0, 150.0], [510.00000000000006, 380.0], [480.00000000000006, 620.0], [390.00000000000006, 570.0], [5.684341886080802e-14, 340.0], [350.00000000000006, 0.0]], [[48.023034899451545, 750.0], [198.02303489945155, 600.0], [338.02303489945155, 930.0], [278.02303489945155, 940.0], [28.023034899451545, 980.0], [48.023034899451545, 750.0]], [[0.0, 340.0], [390.0, 570.0], [200.0, 600.0], [0.0, 1000.0], [0.0, 340.0]], [[549.7802827575891, 51.921060783255996], [799.7802827575891, 11.921060783255996], [819.7802827575891, 191.921060783256], [839.7802827575891, 401.921060783256], [769.7802827575891, 381.921060783256], [519.7802827575891, 291.921060783256], [549.7802827575891, 51.921060783255996]], [[809.6485074113903, 100.73508266746586], [869.6485074113903, 90.73508266746586], [1049.6485074113903, 170.73508266746586], [829.6485074113903, 280.73508266746586], [809.6485074113903, 100.73508266746586]], [[473.07083925834723, 705.381380270343], [693.0708392583472, 595.381380270343], [493.07083925834723, 915.381380270343], [473.07083925834723, 705.381380270343]], [[952.994571409592, 325.381380270343], [1152.994571409592, 5.381380270343016], [1152.994571409592, 375.381380270343], [952.994571409592, 325.381380270343]], [[524.6083941055736, 293.6591808685304], [774.6083941055736, 383.6591808685304], [514.6083941055736, 443.6591808685304], [524.6083941055736, 293.6591808685304]], [[198.02303489945155, 600.0], [388.02303489945155, 570.0], [478.02303489945155, 620.0], [468.02303489945155, 770.0], [438.02303489945155, 1000.0], [198.02303489945155, 600.0]], [[690.1842019273115, 600.0], [930.1842019273115, 1000.0], [490.1842019273115, 1000.0], [690.1842019273115, 600.0]], [[504.2869649572158, 446.04104913353603], [764.2869649572158, 386.04104913353603], [834.2869649572158, 406.04104913353603], [474.2869649572158, 676.041049133536], [504.2869649572158, 446.04104913353603]], [[589.0083638019305, 590.0], [949.0083638019305, 320.0], [1149.0083638019305, 590.0], [589.0083638019305, 590.0]], [[952.994571409592, 325.381380270343], [1152.994571409592, 375.381380270343], [1152.994571409592, 595.381380270343], [952.994571409592, 325.381380270343]]]"
Wed Jul  1 16:01:30 2020,True,1164.524517123688,0.85871957635546,"[0, 0, 0, 0, 0, 0, 0, 0, 0, 0, 0, 0, 0, 0, 0, 0]","[[[0.0, 0.0], [350.0, 0.0], [0.0, 340.0], [0.0, 0.0]], [[350.0, 0.0], [680.0, 0.0], [530.0, 150.0], [350.0, 0.0]], [[786.8747885532082, 0.0], [1106.8747885532082, 0.0], [1106.8747885532082, 410.0], [926.8747885532082, 330.0], [786.8747885532082, 0.0]], [[350.0, 0.0], [530.0, 150.0], [510.0, 380.0], [480.0, 620.0], [390.0, 570.0], [0.0, 340.0], [350.0, 0.0]], [[530.0, 150.0], [680.0, 0.0], [820.0, 330.0], [760.0, 340.0], [510.0, 380.0], [530.0, 150.0]], [[0.0, 339.9999999999998], [390.0, 569.9999999999998], [200.0, 599.9999999999998], [0.0, 999.9999999999998], [0.0, 339.9999999999998]], [[870.7349915452421, 625.2965726117183], [1120.734991545242, 585.2965726117183], [1140.734991545242, 765.2965726117183], [1160.734991545242, 975.2965726117183], [1090.734991545242, 955.2965726117183], [840.7349915452421, 865.2965726117183], [870.7349915452421, 625.2965726117183]], [[528.830628381189, 591.062213899293], [588.830628381189, 581.062213899293], [768.830628381189, 661.062213899293], [548.830628381189, 771.062213899293], [528.830628381189, 591.062213899293]], [[510.95505617977517, 790.0], [730.9550561797752, 680.0], [530.9550561797752, 1000.0], [510.95505617977517, 790.0]], [[588.2445120682471, 950.0], [788.2445120682471, 630.0], [788.2445120682471, 1000.0], [588.2445120682471, 950.0]], [[798.2445120682471, 850.0], [1048.244512068247, 940.0], [788.2445120682471, 1000.0], [798.2445120682471, 850.0]], [[199.4567901234568, 600.0], [389.4567901234568, 570.0], [479.4567901234568, 620.0], [469.4567901234568, 770.0], [439.4567901234568, 1000.0], [199.4567901234568, 600.0]], [[200.0, 600.0], [440.0, 1000.0], [0.0, 1000.0], [200.0, 600.0]], [[508.8888888888889, 398.51851851851814], [768.8888888888889, 338.51851851851814], [838.8888888888889, 358.51851851851814], [478.8888888888889, 628.5185185185181], [508.8888888888889, 398.51851851851814]], [[549.1840869163615, 576.1175527902569], [909.1840869163615, 306.1175527902569], [1109.1840869163616, 576.1175527902569], [549.1840869163615, 576.1175527902569]], [[964.5245171236879, 374.41243214262], [1164.524517123688, 424.41243214262], [1164.524517123688, 644.41243214262], [964.5245171236879, 374.41243214262]]]"
Wed Jul  1 16:11:39 2020,True,1176.1697622949248,0.8502174023321387,"[0, 0, 0, 0, 0, 0, 0, 0, 0, 0, 0, 0, 0, 0, 0, 0]","[[[0.0, 8.29913915367797e-12], [350.0, 8.29913915367797e-12], [0.0, 340.0000000000083], [0.0, 8.29913915367797e-12]], [[349.99999999999, 0.0], [679.99999999999, 0.0], [529.99999999999, 150.0], [349.99999999999, 0.0]], [[797.9435364387405, 403.70853275129525], [1117.9435364387405, 403.70853275129525], [1117.9435364387405, 813.7085327512953], [937.9435364387405, 733.7085327512953], [797.9435364387405, 403.70853275129525]], [[350.0, 8.29913915367797e-12], [530.0, 150.0000000000083], [510.0, 380.0000000000083], [480.0, 620.0000000000083], [390.0, 570.0000000000083], [0.0, 340.0000000000083], [350.0, 8.29913915367797e-12]], [[615.0234131776205, 501.5962538915808], [765.0234131776205, 351.5962538915808], [905.0234131776205, 681.5962538915808], [845.0234131776205, 691.5962538915808], [595.0234131776205, 731.5962538915808], [615.0234131776205, 501.5962538915808]], [[0.0, 339.99999999998454], [390.0, 569.9999999999845], [200.0, 599.9999999999845], [0.0, 999.9999999999845], [0.0, 339.99999999998454]], [[628.3913050384924, 51.608694961494564], [878.3913050384924, 11.608694961494564], [898.3913050384924, 191.60869496149456], [918.3913050384924, 401.60869496149456], [848.3913050384924, 381.60869496149456], [598.3913050384924, 291.60869496149456], [628.3913050384924, 51.608694961494564]], [[878.2125611538819, 10.0], [938.2125611538819, 0.0], [1118.2125611538818, 80.0], [898.2125611538819, 190.0], [878.2125611538819, 10.0]], [[898.2369353199651, 189.98781291695838], [1118.2369353199651, 79.98781291695838], [918.2369353199651, 399.9878129169584], [898.2369353199651, 189.98781291695838]], [[976.1697622949248, 368.26508921534133], [1176.1697622949248, 48.265089215341334], [1176.1697622949248, 418.26508921534133], [976.1697622949248, 368.26508921534133]], [[520.1359337986822, 263.4367613151629], [770.1359337986822, 353.4367613151629], [510.13593379868223, 413.4367613151629], [520.1359337986822, 263.4367613151629]], [[199.999999999985, 600.0], [389.999999999985, 570.0], [479.999999999985, 620.0], [469.999999999985, 770.0], [439.999999999985, 1000.0], [199.999999999985, 600.0]], [[200.0, 600.0], [440.0, 1000.0], [0.0, 1000.0], [200.0, 600.0]], [[469.999999999985, 770.0], [729.999999999985, 710.0], [799.999999999985, 730.0], [439.999999999985, 1000.0], [469.999999999985, 770.0]], [[439.999999999985, 1000.0], [799.999999999985, 730.0], [999.999999999985, 1000.0], [439.999999999985, 1000.0]], [[779.3377483443575, 702.1059602649028], [979.3377483443575, 752.1059602649028], [979.3377483443575, 972.1059602649028], [779.3377483443575, 702.1059602649028]]]"
Wed Jul  1 16:14:38 2020,True,1187.931459917874,0.8417994082496423,"[0, 0, 0, 0, 0, 0, 0, 0, 0, 0, 0, 0, 0, 0, 0, 0]","[[[3.619130724632346, 2.0012916530036478], [353.6191307246323, 2.0012916530036478], [3.619130724632346, 342.00129165300365], [3.619130724632346, 2.0012916530036478]], [[351.217580741028, 0.0], [681.217580741028, 0.0], [531.217580741028, 150.0], [351.217580741028, 0.0]], [[867.931459917874, 427.6696334710804], [1187.931459917874, 427.6696334710804], [1187.931459917874, 837.6696334710804], [1007.931459917874, 757.6696334710804], [867.931459917874, 427.6696334710804]], [[354.25064342799544, 2.3737222216535656], [534.2506434279954, 152.37372222165357], [514.2506434279954, 382.37372222165357], [484.25064342799544, 622.3737222216536], [394.25064342799544, 572.3737222216536], [4.250643427995442, 342.37372222165357], [354.25064342799544, 2.3737222216535656]], [[693.5616884783121, 520.2266007921131], [843.5616884783121, 370.2266007921131], [983.5616884783121, 700.2266007921131], [923.5616884783121, 710.2266007921131], [673.5616884783121, 750.2266007921131], [693.5616884783121, 520.2266007921131]], [[0.22563618258271845, 340.0], [390.2256361825827, 570.0], [200.22563618258272, 600.0], [0.22563618258271845, 1000.0], [0.22563618258271845, 340.0]], [[636.3773439714024, 44.84023676962562], [886.3773439714024, 4.840236769625619], [906.3773439714024, 184.84023676962562], [926.3773439714024, 394.8402367696256], [856.3773439714024, 374.8402367696256], [606.3773439714024, 284.8402367696256], [636.3773439714024, 44.84023676962562]], [[886.9506509969996, 10.0], [946.9506509969996, 0.0], [1126.9506509969997, 80.0], [906.9506509969996, 190.0], [886.9506509969996, 10.0]], [[925.8172018897701, 177.38281284496622], [1145.81720188977, 67.38281284496622], [945.8172018897701, 387.3828128449662], [925.8172018897701, 177.38281284496622]], [[987.931459917874, 320.0], [1187.931459917874, 0.0], [1187.931459917874, 370.0], [987.931459917874, 320.0]], [[475.6273542998253, 685.2588369379073], [725.6273542998254, 775.2588369379073], [465.6273542998253, 835.2588369379073], [475.6273542998253, 685.2588369379073]], [[199.9779434290191, 600.0], [389.9779434290191, 570.0], [479.9779434290191, 620.0], [469.9779434290191, 770.0], [439.9779434290191, 1000.0], [199.9779434290191, 600.0]], [[200.0, 600.0], [440.0, 1000.0], [0.0, 1000.0], [200.0, 600.0]], [[513.5616884783121, 410.2266007921131], [773.5616884783121, 350.2266007921131], [843.5616884783121, 370.2266007921131], [483.5616884783121, 640.2266007921131], [513.5616884783121, 410.2266007921131]], [[439.9779434290189, 1000.0], [799.977943429019, 730.0], [999.977943429019, 1000.0], [439.9779434290189, 1000.0]], [[799.977943429019, 730.0], [999.977943429019, 780.0], [999.977943429019, 1000.0], [799.977943429019, 730.0]]]"
Wed Jul  1 16:14:55 2020,True,1140.414201521159,0.8768743835933774,"[0, 0, 0, 0, 0, 0, 0, 0, 0, 0, 0, 0, 0, 0, 0, 0]","[[[0.0, 0.0], [350.0, 0.0], [0.0, 340.0], [0.0, 0.0]], [[350.24105224979155, 0.0], [680.2410522497916, 0.0], [530.2410522497916, 150.0], [350.24105224979155, 0.0]], [[820.4142015211589, 413.07684407987847], [1140.414201521159, 413.07684407987847], [1140.414201521159, 823.0768440798785], [960.4142015211589, 743.0768440798785], [820.4142015211589, 413.07684407987847]], [[350.00000000000006, 0.0], [530.0, 150.0], [510.00000000000006, 380.0], [480.00000000000006, 620.0], [390.00000000000006, 570.0], [5.684341886080802e-14, 340.0], [350.00000000000006, 0.0]], [[651.5173864694727, 533.9158265395135], [801.5173864694727, 383.91582653951355], [941.5173864694727, 713.9158265395135], [881.5173864694727, 723.9158265395135], [631.5173864694727, 763.9158265395135], [651.5173864694727, 533.9158265395135]], [[0.0, 340.0], [390.0, 570.0], [200.0, 600.0], [0.0, 1000.0], [0.0, 340.0]], [[651.5134092200785, 40.0], [901.5134092200785, 0.0], [921.5134092200785, 180.0], [941.5134092200785, 390.0], [871.5134092200785, 370.0], [621.5134092200785, 280.0], [651.5134092200785, 40.0]], [[496.22264165831973, 740.4514955123345], [556.2226416583197, 730.4514955123345], [736.2226416583197, 810.4514955123345], [516.2226416583197, 920.4514955123345], [496.22264165831973, 740.4514955123345]], [[914.8467425534119, 110.0], [1134.8467425534118, 0.0], [934.8467425534119, 320.0], [914.8467425534119, 110.0]], [[940.4142015211589, 363.07684407987847], [1140.414201521159, 43.07684407987847], [1140.414201521159, 413.07684407987847], [940.4142015211589, 363.07684407987847]], [[521.8165958953819, 244.10914720310922], [771.8165958953819, 334.1091472031092], [511.8165958953818, 394.1091472031092], [521.8165958953819, 244.10914720310922]], [[200.0090665231677, 599.9985684437104], [390.0090665231677, 569.9985684437104], [480.0090665231677, 619.9985684437104], [470.0090665231677, 769.9985684437104], [440.0090665231677, 999.9985684437104], [200.0090665231677, 599.9985684437104]], [[200.00992545694146, 600.0], [440.00992545694146, 1000.0], [0.009925456941459743, 1000.0], [200.00992545694146, 600.0]], [[509.26932052169377, 395.60187600034783], [769.2693205216938, 335.60187600034783], [839.2693205216938, 355.60187600034783], [479.26932052169377, 625.6018760003478], [509.26932052169377, 395.60187600034783]], [[483.4913023414324, 1000.0], [843.4913023414324, 730.0], [1043.4913023414324, 1000.0], [483.4913023414324, 1000.0]], [[843.4913023414324, 730.0], [1043.4913023414324, 780.0], [1043.4913023414324, 1000.0], [843.4913023414324, 730.0]]]"
Wed Jul  1 16:37:48 2020,True,1151.8183435363705,0.8681924590033441,"[0, 0, 0, 0, 0, 0, 0, 0, 0, 0, 0, 0, 0, 0, 0, 0]","[[[1.9895196601282805e-13, 0.0], [350.0000000000002, 0.0], [1.9895196601282805e-13, 340.0], [1.9895196601282805e-13, 0.0]], [[821.8183435363705, 0.0], [1151.8183435363705, 0.0], [1001.8183435363705, 150.0], [821.8183435363705, 0.0]], [[474.8169395459894, 19.92564321554636], [794.8169395459894, 19.92564321554636], [794.8169395459894, 429.92564321554636], [614.8169395459894, 349.92564321554636], [474.8169395459894, 19.92564321554636]], [[350.0000000000002, 0.0], [530.0000000000002, 150.0], [510.0000000000002, 380.0], [480.0000000000002, 620.0], [390.0000000000002, 570.0], [2.2737367544323206e-13, 340.0], [350.0000000000002, 0.0]], [[493.3048870498444, 513.5609036012465], [643.3048870498444, 363.56090360124654], [783.3048870498444, 693.5609036012465], [723.3048870498444, 703.5609036012465], [473.3048870498444, 743.5609036012465], [493.3048870498444, 513.5609036012465]], [[0.0, 339.9999999999999], [390.0, 569.9999999999999], [200.0, 599.9999999999999], [0.0, 999.9999999999999], [0.0, 339.9999999999999]], [[861.8183435363705, 263.608066304315], [1111.8183435363705, 223.608066304315], [1131.8183435363705, 403.608066304315], [1151.8183435363705, 613.608066304315], [1081.8183435363705, 593.608066304315], [831.8183435363705, 503.608066304315], [861.8183435363705, 263.608066304315]], [[794.8169395459894, 107.10876829950558], [854.8169395459894, 97.10876829950558], [1034.8169395459895, 177.10876829950558], [814.8169395459894, 287.1087682995056], [794.8169395459894, 107.10876829950558]], [[931.8183435363705, 724.9547637741009], [1151.8183435363705, 614.9547637741009], [951.8183435363705, 934.9547637741009], [931.8183435363705, 724.9547637741009]], [[951.8183435363705, 934.9547637741009], [1151.8183435363705, 614.9547637741009], [1151.8183435363705, 984.9547637741009], [951.8183435363705, 934.9547637741009]], [[900.4634155602474, 527.122648535898], [1150.4634155602475, 617.122648535898], [890.4634155602474, 677.122648535898], [900.4634155602474, 527.122648535898]], [[200.00000000000023, 600.0], [390.0000000000002, 570.0], [480.0000000000002, 620.0], [470.0000000000002, 770.0], [440.0000000000002, 1000.0], [200.00000000000023, 600.0]], [[200.0, 599.9999999999995], [440.0, 999.9999999999995], [0.0, 999.9999999999995], [200.0, 599.9999999999995]], [[474.3291474977034, 761.7235268599367], [734.3291474977034, 701.7235268599367], [804.3291474977034, 721.7235268599367], [444.3291474977034, 991.7235268599367], [474.3291474977034, 761.7235268599367]], [[439.99999999999943, 1000.0], [799.9999999999994, 730.0], [999.9999999999994, 1000.0], [439.99999999999943, 1000.0]], [[690.4634155602474, 474.72029223291065], [890.4634155602474, 524.7202922329107], [890.4634155602474, 744.7202922329107], [690.4634155602474, 474.72029223291065]]]"
Wed Jul  1 17:18:48 2020,True,1105.7456097949157,0.9043671447951501,"[0, 0, 0, 0, 0, 0, 0, 0, 0, 0, 0, 0, 0, 0, 0, 0]","[[[0.0, 1.4779288903810084e-12], [350.0, 1.4779288903810084e-12], [0.0, 340.0000000000015], [0.0, 1.4779288903810084e-12]], [[349.9999999999483, 5.1727511163335294e-11], [679.9999999999483, 5.1727511163335294e-11], [529.9999999999483, 150.00000000005173], [349.9999999999483, 5.1727511163335294e-11]], [[785.7456097949157, 5.684341886080802e-14], [1105.7456097949157, 5.684341886080802e-14], [1105.7456097949157, 410.00000000000006], [925.7456097949157, 330.00000000000006], [785.7456097949157, 5.684341886080802e-14]], [[350.0, 0.0], [530.0, 150.0], [510.0, 380.0], [480.0, 620.0], [390.0, 570.0], [0.0, 340.0], [350.0, 0.0]], [[530.0, 150.0], [680.0, 0.0], [820.0, 330.0], [760.0, 340.0], [510.0, 380.0], [530.0, 150.0]], [[0.0, 340.0], [390.0, 570.0], [200.0, 600.0], [0.0, 1000.0], [0.0, 340.0]], [[570.6496798978588, 370.29605121634256], [820.6496798978588, 330.29605121634256], [840.6496798978588, 510.29605121634256], [860.6496798978588, 720.2960512163426], [790.6496798978588, 700.2960512163426], [540.6496798978588, 610.2960512163426], [570.6496798978588, 370.29605121634256]], [[819.4412619688288, 319.4202898550725], [879.4412619688288, 309.4202898550725], [1059.4412619688287, 389.4202898550725], [839.4412619688288, 499.4202898550725], [819.4412619688288, 319.4202898550725]], [[885.7456097949157, 520.0], [1105.7456097949157, 410.0], [905.7456097949157, 730.0], [885.7456097949157, 520.0]], [[905.7456097949157, 730.0], [1105.7456097949157, 410.0], [1105.7456097949157, 780.0], [905.7456097949157, 730.0]], [[479.5655924488646, 619.8436132815914], [729.5655924488647, 709.8436132815914], [469.5655924488646, 769.8436132815914], [479.5655924488646, 619.8436132815914]], [[199.83534371363783, 600.0], [389.8353437136378, 570.0], [479.8353437136378, 620.0], [469.8353437136378, 770.0], [439.8353437136378, 1000.0], [199.83534371363783, 600.0]], [[200.0, 600.0], [440.0, 1000.0], [0.0, 1000.0], [200.0, 600.0]], [[469.8647466219168, 769.7745777031947], [729.8647466219168, 709.7745777031947], [799.8647466219168, 729.7745777031947], [439.8647466219168, 999.7745777031947], [469.8647466219168, 769.7745777031947]], [[440.0, 1000.0], [800.0, 730.0], [1000.0, 1000.0], [440.0, 1000.0]], [[905.7456097949157, 730.0], [1105.7456097949157, 780.0], [1105.7456097949157, 1000.0], [905.7456097949157, 730.0]]]"
Wed Jul  1 17:18:49 2020,True,1061.515785403119,0.9420491091616148,"[0, 0, 0, 0, 0, 0, 0, 0, 0, 0, 0, 0, 0, 0, 0, 0]","[[[0.0, 1.4779288903810084e-12], [350.0, 1.4779288903810084e-12], [0.0, 340.0000000000015], [0.0, 1.4779288903810084e-12]], [[349.9999999999483, 5.1727511163335294e-11], [679.9999999999483, 5.1727511163335294e-11], [529.9999999999483, 150.00000000005173], [349.9999999999483, 5.1727511163335294e-11]], [[741.515785403119, 5.684341886080802e-14], [1061.515785403119, 5.684341886080802e-14], [1061.515785403119, 410.00000000000006], [881.515785403119, 330.00000000000006], [741.515785403119, 5.684341886080802e-14]], [[350.0, 0.0], [530.0, 150.0], [510.0, 380.0], [480.0, 620.0], [390.0, 570.0], [0.0, 340.0], [350.0, 0.0]], [[530.0, 150.0], [680.0, 0.0], [820.0, 330.0], [760.0, 340.0], [510.0, 380.0], [530.0, 150.0]], [[0.0, 340.0], [390.0, 570.0], [200.0, 600.0], [0.0, 1000.0], [0.0, 340.0]], [[573.1863894756285, 397.5413427613497], [823.1863894756285, 357.5413427613497], [843.1863894756285, 537.5413427613497], [863.1863894756285, 747.5413427613497], [793.1863894756285, 727.5413427613497], [543.1863894756285, 637.5413427613497], [573.1863894756285, 397.5413427613497]], [[821.515785403119, 340.0], [881.515785403119, 330.0], [1061.515785403119, 410.0], [841.515785403119, 520.0], [821.515785403119, 340.0]], [[841.515785403119, 520.0], [1061.515785403119, 410.0], [861.515785403119, 730.0], [841.515785403119, 520.0]], [[861.515785403119, 730.0], [1061.515785403119, 410.0], [1061.515785403119, 780.0], [861.515785403119, 730.0]], [[480.03303217814573, 619.7357425748341], [730.0330321781457, 709.7357425748341], [470.03303217814573, 769.7357425748341], [480.03303217814573, 619.7357425748341]], [[200.0, 600.0], [390.0, 570.0], [480.0, 620.0], [470.0, 770.0], [440.0, 1000.0], [200.0, 600.0]], [[200.0, 600.0], [440.0, 1000.0], [0.0, 1000.0], [200.0, 600.0]], [[470.49425925818053, 769.6293055563646], [730.4942592581806, 709.6293055563646], [800.4942592581806, 729.6293055563646], [440.49425925818053, 999.6293055563646], [470.49425925818053, 769.6293055563646]], [[440.0, 1000.0], [800.0, 730.0], [1000.0, 1000.0], [440.0, 1000.0]], [[861.515785403119, 730.0], [1061.515785403119, 780.0], [1061.515785403119, 1000.0], [861.515785403119, 730.0]]]"
Wed Jul  1 17:18:49 2020,True,1019.0551539869942,0.9813011553766819,"[0, 0, 0, 0, 0, 0, 0, 0, 0, 0, 0, 0, 0, 0, 0, 0]","[[[0.0, 1.4779288903810084e-12], [350.0, 1.4779288903810084e-12], [0.0, 340.0000000000015], [0.0, 1.4779288903810084e-12]], [[349.9999999999483, 5.1727511163335294e-11], [679.9999999999483, 5.1727511163335294e-11], [529.9999999999483, 150.00000000005173], [349.9999999999483, 5.1727511163335294e-11]], [[699.0551539869942, 5.684341886080802e-14], [1019.0551539869942, 5.684341886080802e-14], [1019.0551539869942, 410.00000000000006], [839.0551539869942, 330.00000000000006], [699.0551539869942, 5.684341886080802e-14]], [[350.0, 0.0], [530.0, 150.0], [510.0, 380.0], [480.0, 620.0], [390.0, 570.0], [0.0, 340.0], [350.0, 0.0]], [[530.0, 150.0], [680.0, 0.0], [820.0, 330.0], [760.0, 340.0], [510.0, 380.0], [530.0, 150.0]], [[0.0, 340.0], [390.0, 570.0], [200.0, 600.0], [0.0, 1000.0], [0.0, 340.0]], [[529.0551539869939, 379.9999999999968], [779.0551539869939, 339.9999999999968], [799.0551539869939, 519.9999999999968], [819.0551539869939, 729.9999999999968], [749.0551539869939, 709.9999999999968], [499.0551539869939, 619.9999999999968], [529.0551539869939, 379.9999999999968]], [[779.0551539869942, 340.0], [839.0551539869942, 330.0], [1019.0551539869942, 410.0], [799.0551539869942, 520.0], [779.0551539869942, 340.0]], [[799.0551539869942, 520.0], [1019.0551539869942, 410.0], [819.0551539869942, 730.0], [799.0551539869942, 520.0]], [[819.0551539869942, 730.0], [1019.0551539869942, 410.0], [1019.0551539869942, 780.0], [819.0551539869942, 730.0]], [[480.03303217814573, 619.7357425748341], [730.0330321781457, 709.7357425748341], [470.03303217814573, 769.7357425748341], [480.03303217814573, 619.7357425748341]], [[200.0, 600.0], [390.0, 570.0], [480.0, 620.0], [470.0, 770.0], [440.0, 1000.0], [200.0, 600.0]], [[200.0, 600.0], [440.0, 1000.0], [0.0, 1000.0], [200.0, 600.0]], [[470.49425925818053, 769.6293055563646], [730.4942592581806, 709.6293055563646], [800.4942592581806, 729.6293055563646], [440.49425925818053, 999.6293055563646], [470.49425925818053, 769.6293055563646]], [[440.0, 1000.0], [800.0, 730.0], [1000.0, 1000.0], [440.0, 1000.0]], [[800.0, 730.0], [1000.0, 780.0], [1000.0, 1000.0], [800.0, 730.0]]]"
Wed Jul  1 18:46:46 2020,True,1000.0,1.0,"[0, 0, 0, 0, 0, 0, 0, 0, 0, 0, 0, 0, 0, 0, 0, 0]","[[[0.0, 1.4779288903810084e-12], [350.0, 1.4779288903810084e-12], [0.0, 340.0000000000015], [0.0, 1.4779288903810084e-12]], [[349.9999999999483, 5.1727511163335294e-11], [679.9999999999483, 5.1727511163335294e-11], [529.9999999999483, 150.00000000005173], [349.9999999999483, 5.1727511163335294e-11]], [[680.0, 5.684341886080802e-14], [1000.0, 5.684341886080802e-14], [1000.0, 410.00000000000006], [820.0, 330.00000000000006], [680.0, 5.684341886080802e-14]], [[350.0, 0.0], [530.0, 150.0], [510.0, 380.0], [480.0, 620.0], [390.0, 570.0], [0.0, 340.0], [350.0, 0.0]], [[530.0, 150.0], [680.0, 0.0], [820.0, 330.0], [760.0, 340.0], [510.0, 380.0], [530.0, 150.0]], [[0.0, 340.0], [390.0, 570.0], [200.0, 600.0], [0.0, 1000.0], [0.0, 340.0]], [[510.0, 380.0], [760.0, 340.0], [780.0, 520.0], [800.0, 730.0], [730.0, 710.0], [480.0, 620.0], [510.0, 380.0]], [[760.0, 340.0], [820.0, 330.0], [1000.0, 410.0], [780.0, 520.0], [760.0, 340.0]], [[780.0, 520.0], [1000.0, 410.0], [800.0, 730.0], [780.0, 520.0]], [[800.0, 730.0], [1000.0, 410.0], [1000.0, 780.0], [800.0, 730.0]], [[480.03303217814573, 619.7357425748341], [730.0330321781457, 709.7357425748341], [470.03303217814573, 769.7357425748341], [480.03303217814573, 619.7357425748341]], [[200.0, 600.0], [390.0, 570.0], [480.0, 620.0], [470.0, 770.0], [440.0, 1000.0], [200.0, 600.0]], [[200.0, 600.0], [440.0, 1000.0], [0.0, 1000.0], [200.0, 600.0]], [[470.0, 770.0], [730.0, 710.0], [800.0, 730.0], [440.0, 1000.0], [470.0, 770.0]], [[440.0, 1000.0], [800.0, 730.0], [1000.0, 1000.0], [440.0, 1000.0]], [[800.0, 730.0], [1000.0, 780.0], [1000.0, 1000.0], [800.0, 730.0]]]"
Wed Jul  8 06:34:36 2020,True,1753.3942489200917,0.5703223907663071,"[0, 0, 0, 0, 0, 0, 0, 0, 0, 0, 0, 0, 0, 0, 0, 0]","[[[0.0, 0.0], [350.0, 0.0], [0.0, 340.0]], [[0.0, 340.0], [330.0, 340.0], [180.0, 490.0]], [[0.0, 490.0], [320.0, 490.0], [320.0, 900.0], [140.0, 820.0]], [[581.9354838709677, 98.06451612903231], [761.9354838709677, 248.0645161290323], [741.9354838709677, 478.0645161290323], [711.9354838709677, 718.0645161290323], [621.9354838709677, 668.0645161290323], [231.9354838709677, 438.0645161290323]], [[331.30434782608694, 770.0], [481.30434782608694, 620.0], [621.304347826087, 950.0], [561.304347826087, 960.0], [311.30434782608694, 1000.0]], [[753.9410939691444, 340.0], [1143.9410939691443, 570.0], [953.9410939691444, 600.0], [753.9410939691444, 1000.0]], [[783.9410939691445, 100.00000000000011], [1033.9410939691445, 60.000000000000114], [1053.9410939691445, 240.0000000000001], [1073.9410939691445, 450.0000000000001], [1003.9410939691445, 430.0000000000001], [753.9410939691445, 340.0000000000001]], [[0.0, 794.4444444444445], [60.0, 784.4444444444445], [240.0, 864.4444444444445], [20.0, 974.4444444444445]], [[216.17647058823528, 130.0], [436.17647058823525, 20.0], [236.17647058823528, 340.0]], [[778.9410939691444, 950.0], [978.9410939691444, 630.0], [978.9410939691444, 1000.0]], [[988.9410939691444, 594.4736842105264], [1238.9410939691443, 684.4736842105264], [978.9410939691444, 744.4736842105264]], [[1015.9410939691445, 30.0], [1205.9410939691445, 0.0], [1295.9410939691445, 50.0], [1285.9410939691445, 200.0], [1255.9410939691445, 430.0]], [[1281.1779360744074, 600.0], [1521.1779360744074, 1000.0], [1081.1779360744074, 1000.0]], [[1304.201963534362, 60.0], [1564.201963534362, 0.0], [1634.201963534362, 20.0], [1274.201963534362, 290.0], [1304.201963534362, 60.0]], [[1193.3942489200917, 600.0], [1553.3942489200917, 330.0], [1753.3942489200917, 600.0], [1193.3942489200917, 600.0]], [[498.53760557549856, 660.6212504093272], [698.5376055754986, 710.6212504093272], [698.5376055754986, 930.6212504093272]]]"
Wed Jul  8 06:34:36 2020,True,1683.258478963288,0.5940858237149031,"[0, 0, 0, 0, 0, 0, 0, 0, 0, 0, 0, 0, 0, 0, 0, 0]","[[[0.0, 0.0], [350.0, 0.0], [0.0, 340.0]], [[0.0, 340.0], [330.0, 340.0], [180.0, 490.0]], [[0.0, 490.0], [320.0, 490.0], [320.0, 900.0], [140.0, 820.0]], [[581.9354838709677, 98.06451612903231], [761.9354838709677, 248.0645161290323], [741.9354838709677, 478.0645161290323], [711.9354838709677, 718.0645161290323], [621.9354838709677, 668.0645161290323], [231.9354838709677, 438.0645161290323]], [[331.30434782608694, 770.0], [481.30434782608694, 620.0], [621.304347826087, 950.0], [561.304347826087, 960.0], [311.30434782608694, 1000.0]], [[753.9410939691444, 340.0], [1143.9410939691443, 570.0], [953.9410939691444, 600.0], [753.9410939691444, 1000.0]], [[783.9410939691445, 100.00000000000011], [1033.9410939691445, 60.000000000000114], [1053.9410939691445, 240.0000000000001], [1073.9410939691445, 450.0000000000001], [1003.9410939691445, 430.0000000000001], [753.9410939691445, 340.0000000000001]], [[0.0, 794.4444444444445], [60.0, 784.4444444444445], [240.0, 864.4444444444445], [20.0, 974.4444444444445]], [[216.17647058823528, 130.0], [436.17647058823525, 20.0], [236.17647058823528, 340.0]], [[778.9410939691444, 950.0], [978.9410939691444, 630.0], [978.9410939691444, 1000.0]], [[988.9410939691444, 594.4736842105264], [1238.9410939691443, 684.4736842105264], [978.9410939691444, 744.4736842105264]], [[1015.9410939691445, 30.0], [1205.9410939691445, 0.0], [1295.9410939691445, 50.0], [1285.9410939691445, 200.0], [1255.9410939691445, 430.0]], [[1281.1779360744074, 600.0], [1521.1779360744074, 1000.0], [1081.1779360744074, 1000.0]], [[1304.201963534362, 60.0], [1564.201963534362, 0.0], [1634.201963534362, 20.0], [1274.201963534362, 290.0], [1304.201963534362, 60.0]], [[1123.258478963288, 600.0], [1483.258478963288, 330.0], [1683.258478963288, 600.0], [1123.258478963288, 600.0]], [[498.53760557549856, 660.6212504093272], [698.5376055754986, 710.6212504093272], [698.5376055754986, 930.6212504093272]]]"
Wed Jul  8 06:34:45 2020,True,1615.9281398047565,0.6188393997030242,"[0, 0, 0, 0, 0, 0, 0, 0, 0, 0, 0, 0, 0, 0, 0, 0]","[[[0.0, 0.0], [350.0, 0.0], [0.0, 340.0]], [[1281.1779360744074, 600.0], [1611.1779360744074, 600.0], [1461.1779360744074, 750.0], [1281.1779360744074, 600.0]], [[0.0, 494.26190107616685], [320.0, 494.26190107616685], [320.0, 904.2619010761669], [140.0, 824.2619010761669], [0.0, 494.26190107616685]], [[557.3413561986524, 87.82218806511571], [737.3413561986524, 237.8221880651157], [717.3413561986524, 467.8221880651157], [687.3413561986524, 707.8221880651157], [597.3413561986524, 657.8221880651157], [207.34135619865242, 427.8221880651157], [557.3413561986524, 87.82218806511571]], [[331.30434782608694, 770.0], [481.30434782608694, 620.0], [621.304347826087, 950.0], [561.304347826087, 960.0], [311.30434782608694, 1000.0]], [[730.0280632089351, 321.92505744686605], [1120.0280632089352, 551.925057446866], [930.0280632089351, 581.925057446866], [730.0280632089351, 981.925057446866], [730.0280632089351, 321.92505744686605]], [[784.2696688410178, 96.22138897347895], [1034.2696688410178, 56.22138897347895], [1054.2696688410178, 236.22138897347895], [1074.2696688410178, 446.22138897347895], [1004.2696688410178, 426.22138897347895], [754.2696688410178, 336.22138897347895], [784.2696688410178, 96.22138897347895]], [[0.0, 794.4444444444445], [60.0, 784.4444444444445], [240.0, 864.4444444444445], [20.0, 974.4444444444445]], [[216.17647058823528, 130.0], [436.17647058823525, 20.0], [236.17647058823528, 340.0]], [[778.9410939691444, 950.0], [978.9410939691444, 630.0], [978.9410939691444, 1000.0]], [[988.9410939691444, 594.4736842105264], [1238.9410939691443, 684.4736842105264], [978.9410939691444, 744.4736842105264]], [[1018.5368354569305, 30.0], [1208.5368354569305, 0.0], [1298.5368354569305, 50.0], [1288.5368354569305, 200.0], [1258.5368354569305, 430.0], [1018.5368354569305, 30.0]], [[1281.1779360744074, 600.0], [1521.1779360744074, 1000.0], [1081.1779360744074, 1000.0]], [[1285.9281398047565, 220.0], [1545.9281398047565, 160.0], [1615.9281398047565, 180.0], [1255.9281398047565, 450.0], [1285.9281398047565, 220.0]], [[1055.9281398047565, 600.0], [1415.9281398047565, 330.0], [1615.9281398047565, 600.0], [1055.9281398047565, 600.0]], [[498.53760557549856, 660.6212504093272], [698.5376055754986, 710.6212504093272], [698.5376055754986, 930.6212504093272]]]"
Wed Jul  8 06:34:59 2020,True,1551.291014212566,0.6446243746906501,"[0, 0, 0, 0, 0, 0, 0, 0, 0, 0, 0, 0, 0, 0, 0, 0]","[[[0.0, 0.0], [350.0, 0.0], [0.0, 340.0], [0.0, 0.0]], [[1221.291014212566, 0.0], [1551.291014212566, 0.0], [1401.291014212566, 150.0], [1221.291014212566, 0.0]], [[0.0, 524.233219294473], [320.0, 524.233219294473], [320.0, 934.233219294473], [140.0, 854.233219294473], [0.0, 524.233219294473]], [[518.3701809806254, 94.81050551381611], [698.3701809806254, 244.8105055138161], [678.3701809806254, 474.8105055138161], [648.3701809806254, 714.8105055138161], [558.3701809806254, 664.8105055138161], [168.37018098062538, 434.8105055138161], [518.3701809806254, 94.81050551381611]], [[334.2811495038672, 770.0], [484.2811495038672, 620.0], [624.2811495038673, 950.0], [564.2811495038673, 960.0], [314.2811495038672, 1000.0], [334.2811495038672, 770.0]], [[693.4976117331705, 300.84505185954663], [1083.4976117331705, 530.8450518595466], [893.4976117331705, 560.8450518595466], [693.4976117331705, 960.8450518595466], [693.4976117331705, 300.84505185954663]], [[727.1818839672869, 63.01782779248708], [977.1818839672869, 23.017827792487083], [997.1818839672869, 203.01782779248708], [1017.1818839672869, 413.0178277924871], [947.1818839672869, 393.0178277924871], [697.1818839672869, 303.0178277924871], [727.1818839672869, 63.01782779248708]], [[978.9410939691444, 630.0], [1038.9410939691443, 620.0], [1218.9410939691443, 700.0], [998.9410939691444, 810.0], [978.9410939691444, 630.0]], [[52.2632649318501, 292.4522237577768], [272.26326493185013, 182.45222375777678], [72.2632649318501, 502.4522237577768], [52.2632649318501, 292.4522237577768]], [[778.9410939691444, 950.0], [978.9410939691444, 630.0], [978.9410939691444, 1000.0]], [[1301.291014212566, 193.84615384615387], [1551.291014212566, 283.84615384615387], [1291.291014212566, 343.84615384615387], [1301.291014212566, 193.84615384615387]], [[977.9576808792328, 30.0], [1167.9576808792328, 0.0], [1257.9576808792328, 50.0], [1247.9576808792328, 200.0], [1217.9576808792328, 430.0], [977.9576808792328, 30.0]], [[1281.1779360744074, 600.0], [1521.1779360744074, 1000.0], [1081.1779360744074, 1000.0]], [[288.2352941176471, 60.0], [548.2352941176471, 0.0], [618.2352941176471, 20.0], [258.2352941176471, 290.0], [288.2352941176471, 60.0]], [[991.2910142125661, 600.0], [1351.291014212566, 330.0], [1551.291014212566, 600.0], [991.2910142125661, 600.0]], [[1351.291014212566, 716.8551302302645], [1551.291014212566, 766.8551302302645], [1551.291014212566, 986.8551302302645], [1351.291014212566, 716.8551302302645]]]"
Wed Jul  8 06:35:47 2020,True,1489.2393736440633,0.6714837236360941,"[0, 0, 0, 0, 0, 0, 0, 0, 0, 0, 0, 0, 0, 0, 0, 0]","[[[0.0, 0.0], [350.0, 0.0], [0.0, 340.0], [0.0, 0.0]], [[1159.2393736440633, 0.0], [1489.2393736440633, 0.0], [1339.2393736440633, 150.0], [1159.2393736440633, 0.0]], [[0.0, 515.5555555555555], [320.0, 515.5555555555555], [320.0, 925.5555555555555], [140.0, 845.5555555555555], [0.0, 515.5555555555555]], [[445.24552810394437, 0.0], [625.2455281039444, 150.0], [605.2455281039444, 380.0], [575.2455281039444, 620.0], [485.24552810394437, 570.0], [95.24552810394437, 340.0], [445.24552810394437, 0.0]], [[333.52657004830917, 770.0], [483.52657004830917, 620.0], [623.5265700483092, 950.0], [563.5265700483092, 960.0], [313.52657004830917, 1000.0], [333.52657004830917, 770.0]], [[614.8500352388105, 269.548167949039], [1004.8500352388105, 499.548167949039], [814.8500352388105, 529.548167949039], [614.8500352388105, 929.548167949039], [614.8500352388105, 269.548167949039]], [[662.5727069773967, 40.0], [912.5727069773967, 0.0], [932.5727069773967, 180.0], [952.5727069773967, 390.0], [882.5727069773967, 370.0], [632.5727069773967, 280.0], [662.5727069773967, 40.0]], [[0.0, 820.0], [60.0, 810.0], [240.0, 890.0], [20.0, 1000.0], [0.0, 820.0]], [[1029.2393736440633, 710.0], [1249.2393736440633, 600.0], [1049.2393736440633, 920.0], [1029.2393736440633, 710.0]], [[1289.2393736440633, 320.0], [1489.2393736440633, 0.0], [1489.2393736440633, 370.0], [1289.2393736440633, 320.0]], [[833.1376787288091, 842.2033898305085], [1083.137678728809, 932.2033898305085], [823.1376787288091, 992.2033898305085], [833.1376787288091, 842.2033898305085]], [[915.9060403107301, 30.0], [1105.90604031073, 0.0], [1195.90604031073, 50.0], [1185.90604031073, 200.0], [1155.90604031073, 430.0], [915.9060403107301, 30.0]], [[1249.2393736440633, 600.0], [1489.2393736440633, 1000.0], [1049.2393736440633, 1000.0], [1249.2393736440633, 600.0]], [[749.62411921333, 660.0], [1009.62411921333, 600.0], [1079.62411921333, 620.0], [719.62411921333, 890.0], [749.62411921333, 660.0]], [[929.2393736440633, 600.0], [1289.2393736440633, 330.0], [1489.2393736440633, 600.0], [929.2393736440633, 600.0]], [[1261.2393736440633, 620.0], [1461.2393736440633, 670.0], [1461.2393736440633, 890.0], [1261.2393736440633, 620.0]]]"
Wed Jul  8 06:36:38 2020,True,1429.6697986983008,0.6994622121209313,"[0, 0, 0, 0, 0, 0, 0, 0, 0, 0, 0, 0, 0, 0, 0, 0]","[[[0.0, 0.0], [350.0, 0.0], [0.0, 340.0], [0.0, 0.0]], [[1099.6697986983008, 0.0], [1429.6697986983008, 0.0], [1279.6697986983008, 150.0], [1099.6697986983008, 0.0]], [[0.0, 515.5555555555555], [320.0, 515.5555555555555], [320.0, 925.5555555555555], [140.0, 845.5555555555555], [0.0, 515.5555555555555]], [[419.58202986911374, 0.0], [599.5820298691137, 150.0], [579.5820298691137, 380.0], [549.5820298691137, 620.0], [459.58202986911374, 570.0], [69.58202986911374, 340.0], [419.58202986911374, 0.0]], [[927.3253010906458, 150.0], [1077.3253010906458, 0.0], [1217.3253010906458, 330.0], [1157.3253010906458, 340.0], [907.3253010906458, 380.0], [927.3253010906458, 150.0]], [[584.4846849788134, 277.763104295464], [974.4846849788134, 507.763104295464], [784.4846849788134, 537.763104295464], [584.4846849788134, 937.763104295464], [584.4846849788134, 277.763104295464]], [[618.2776820430267, 40.0], [868.2776820430267, 0.0], [888.2776820430267, 180.0], [908.2776820430267, 390.0], [838.2776820430267, 370.0], [588.2776820430267, 280.0], [618.2776820430267, 40.0]], [[0.0, 820.0], [60.0, 810.0], [240.0, 890.0], [20.0, 1000.0], [0.0, 820.0]], [[929.6697986983008, 790.0], [1149.6697986983008, 680.0], [949.6697986983008, 1000.0], [929.6697986983008, 790.0]], [[325.53244705889506, 950.0], [525.5324470588951, 630.0], [525.5324470588951, 1000.0], [325.53244705889506, 950.0]], [[10.0, 365.55555555555554], [260.0, 455.55555555555554], [0.0, 515.5555555555555], [10.0, 365.55555555555554]], [[1149.6697986983008, 170.52631578947262], [1339.6697986983008, 140.52631578947262], [1429.6697986983008, 190.52631578947262], [1419.6697986983008, 340.5263157894726], [1389.6697986983008, 570.5263157894726], [1149.6697986983008, 170.52631578947262]], [[1189.6697986983008, 600.0], [1429.6697986983008, 1000.0], [989.6697986983008, 1000.0], [1189.6697986983008, 600.0]], [[737.1754084527145, 669.213943950786], [997.1754084527145, 609.213943950786], [1067.1754084527145, 629.213943950786], [707.1754084527145, 899.213943950786], [737.1754084527145, 669.213943950786]], [[851.5021573727655, 600.0], [1211.5021573727654, 330.0], [1411.5021573727654, 600.0], [851.5021573727655, 600.0]], [[1229.6697986983008, 620.0], [1429.6697986983008, 670.0], [1429.6697986983008, 890.0], [1229.6697986983008, 620.0]]]"
Wed Jul  8 06:37:52 2020,True,1372.4830067503688,0.7286064709593034,"[0, 0, 0, 0, 0, 0, 0, 0, 0, 0, 0, 0, 0, 0, 0, 0]","[[[0.0, 0.0], [350.0, 0.0], [0.0, 340.0], [0.0, 0.0]], [[1021.8957027942888, 0.0], [1351.8957027942888, 0.0], [1201.8957027942888, 150.0], [1021.8957027942888, 0.0]], [[111.42929732407794, 586.9404865496123], [431.42929732407794, 586.9404865496123], [431.42929732407794, 996.9404865496123], [251.42929732407794, 916.9404865496123], [111.42929732407794, 586.9404865496123]], [[360.93642153477583, 0.0], [540.9364215347758, 150.0], [520.9364215347758, 380.0], [490.93642153477583, 620.0], [400.93642153477583, 570.0], [10.936421534775832, 340.0], [360.93642153477583, 0.0]], [[871.8957027942889, 150.0], [1021.8957027942889, 0.0], [1161.8957027942888, 330.0], [1101.8957027942888, 340.0], [851.8957027942889, 380.0], [871.8957027942889, 150.0]], [[529.788952247127, 278.19589680796184], [919.788952247127, 508.19589680796184], [729.788952247127, 538.1958968079618], [529.788952247127, 938.1958968079618], [529.788952247127, 278.19589680796184]], [[562.8480837466699, 40.0], [812.8480837466699, 0.0], [832.8480837466699, 180.0], [852.8480837466699, 390.0], [782.8480837466699, 370.0], [532.8480837466699, 280.0], [562.8480837466699, 40.0]], [[0.0, 820.0], [60.0, 810.0], [240.0, 890.0], [20.0, 1000.0], [0.0, 820.0]], [[872.4830067503688, 790.0], [1092.4830067503688, 680.0], [892.4830067503688, 1000.0], [872.4830067503688, 790.0]], [[522.4113877521031, 950.0], [722.4113877521031, 630.0], [722.4113877521031, 1000.0], [522.4113877521031, 950.0]], [[10.0, 462.65493977824565], [260.0, 552.6549397782456], [0.0, 612.6549397782456], [10.0, 462.65493977824565]], [[1092.4830067503688, 167.27568884903997], [1282.4830067503688, 137.27568884903997], [1372.4830067503688, 187.27568884903997], [1362.4830067503688, 337.27568884903997], [1332.4830067503688, 567.27568884904], [1092.4830067503688, 167.27568884903997]], [[1132.4830067503688, 600.0], [1372.4830067503688, 1000.0], [932.4830067503688, 1000.0], [1132.4830067503688, 600.0]], [[752.4113877521031, 672.5537142486992], [1012.4113877521031, 612.5537142486992], [1082.411387752103, 632.5537142486992], [722.4113877521031, 902.5537142486992], [752.4113877521031, 672.5537142486992]], [[796.9590386939357, 600.3183319728553], [1156.9590386939358, 330.3183319728553], [1356.9590386939358, 600.3183319728553], [796.9590386939357, 600.3183319728553]], [[1172.4830067503688, 620.0], [1372.4830067503688, 670.0], [1372.4830067503688, 890.0], [1172.4830067503688, 620.0]]]"
Wed Jul  8 06:40:59 2020,True,1317.583686480354,0.7589650739159411,"[0, 0, 0, 0, 0, 0, 0, 0, 0, 0, 0, 0, 0, 0, 0, 0]","[[[27.83900734982784, 20.780757806177917], [377.83900734982785, 20.780757806177917], [27.83900734982784, 360.7807578061779], [27.83900734982784, 20.780757806177917]], [[352.9020979824144, 0.0], [682.9020979824144, 0.0], [532.9020979824144, 150.0], [352.9020979824144, 0.0]], [[997.5836864803539, 0.0], [1317.583686480354, 0.0], [1317.583686480354, 410.0], [1137.583686480354, 330.0], [997.5836864803539, 0.0]], [[377.8390073498278, 20.780757806177917], [557.8390073498279, 170.78075780617792], [537.8390073498279, 400.7807578061779], [507.8390073498278, 640.7807578061779], [417.8390073498278, 590.7807578061779], [27.839007349827796, 360.7807578061779], [377.8390073498278, 20.780757806177917]], [[949.0049340822169, 387.37260038370187], [1099.004934082217, 237.37260038370187], [1239.004934082217, 567.3726003837019], [1179.004934082217, 577.3726003837019], [929.0049340822169, 617.3726003837019], [949.0049340822169, 387.37260038370187]], [[549.0670877053271, 271.6578337179359], [939.0670877053271, 501.6578337179359], [749.0670877053271, 531.6578337179359], [549.0670877053271, 931.6578337179359], [549.0670877053271, 271.6578337179359]], [[655.5782223818911, 76.77978493744797], [905.5782223818911, 36.77978493744797], [925.5782223818911, 216.77978493744797], [945.5782223818911, 426.77978493744797], [875.5782223818911, 406.77978493744797], [625.5782223818911, 316.77978493744797], [655.5782223818911, 76.77978493744797]], [[0.0, 415.90134321525386], [60.0, 405.90134321525386], [240.0, 485.90134321525386], [20.0, 595.9013432152539], [0.0, 415.90134321525386]], [[0.0, 605.9013432152539], [220.0, 495.90134321525386], [20.0, 815.9013432152539], [0.0, 605.9013432152539]], [[21.237084040119328, 813.9220087510628], [221.23708404011933, 493.9220087510628], [221.23708404011933, 863.9220087510628], [21.237084040119328, 813.9220087510628]], [[744.7207232619988, 595.7259264367098], [994.7207232619988, 685.7259264367098], [734.7207232619988, 745.7259264367098], [744.7207232619988, 595.7259264367098]], [[1037.583686480354, 600.0], [1227.583686480354, 570.0], [1317.583686480354, 620.0], [1307.583686480354, 770.0], [1277.583686480354, 1000.0], [1037.583686480354, 600.0]], [[1037.583686480354, 600.0], [1277.583686480354, 1000.0], [837.5836864803539, 1000.0], [1037.583686480354, 600.0]], [[629.896004564295, 770.0], [889.896004564295, 710.0], [959.896004564295, 730.0], [599.896004564295, 1000.0], [629.896004564295, 770.0]], [[39.533071154407935, 1000.0], [399.53307115440793, 730.0], [599.5330711544079, 1000.0], [39.533071154407935, 1000.0]], [[349.06708770532714, 661.870922343741], [549.0670877053271, 711.870922343741], [549.0670877053271, 931.870922343741], [349.06708770532714, 661.870922343741]]]"
Wed Jul  8 06:42:51 2020,True,1330.7595233451575,0.751450568233605,"[0, 0, 0, 0, 0, 0, 0, 0, 0, 0, 0, 0, 0, 0, 0, 0]","[[[0.0, 0.0], [350.0, 0.0], [0.0, 340.0], [0.0, 0.0]], [[614.8803390211397, 0.0], [944.8803390211397, 0.0], [794.8803390211397, 150.0], [614.8803390211397, 0.0]], [[944.8803390211397, 0.0], [1264.8803390211397, 0.0], [1264.8803390211397, 410.0], [1084.8803390211397, 330.0], [944.8803390211397, 0.0]], [[350.0, 0.0], [530.0, 150.0], [510.0, 380.0], [480.0, 620.0], [390.0, 570.0], [0.0, 340.0], [350.0, 0.0]], [[869.1444328539054, 325.0510783200908], [1019.1444328539054, 175.05107832009082], [1159.1444328539055, 505.0510783200908], [1099.1444328539055, 515.0510783200908], [849.1444328539054, 555.0510783200908], [869.1444328539054, 325.0510783200908]], [[529.8803390211397, 0.0], [919.8803390211397, 230.0], [729.8803390211397, 260.0], [529.8803390211397, 660.0], [529.8803390211397, 0.0]], [[592.4554086733943, 534.8498606954907], [842.4554086733943, 494.84986069549075], [862.4554086733943, 674.8498606954907], [882.4554086733943, 884.8498606954907], [812.4554086733943, 864.8498606954907], [562.4554086733943, 774.8498606954907], [592.4554086733943, 534.8498606954907]], [[0.0, 411.53846153846155], [60.0, 401.53846153846155], [240.0, 481.53846153846155], [20.0, 591.5384615384615], [0.0, 411.53846153846155]], [[0.0, 601.5384615384615], [220.0, 491.53846153846155], [20.0, 811.5384615384615], [0.0, 601.5384615384615]], [[0.0, 843.5384615384614], [200.0, 523.5384615384614], [200.0, 893.5384615384614], [0.0, 843.5384615384614]], [[216.784756841525, 522.6581982452917], [466.784756841525, 612.6581982452917], [206.784756841525, 672.6581982452917], [216.784756841525, 522.6581982452917]], [[984.8803390211397, 533.3333333333334], [1174.8803390211397, 503.33333333333337], [1264.8803390211397, 553.3333333333334], [1254.8803390211397, 703.3333333333334], [1224.8803390211397, 933.3333333333334], [984.8803390211397, 533.3333333333334]], [[1024.8803390211397, 600.0], [1264.8803390211397, 1000.0], [824.8803390211397, 1000.0], [1024.8803390211397, 600.0]], [[223.5629237367225, 712.8893795569223], [483.5629237367225, 652.8893795569223], [553.5629237367225, 672.8893795569223], [193.5629237367225, 942.8893795569223], [223.5629237367225, 712.8893795569223]], [[117.41542981261898, 1000.0], [477.415429812619, 730.0], [677.415429812619, 1000.0], [117.41542981261898, 1000.0]], [[1130.7595233451575, 376.46979608100446], [1330.7595233451575, 426.46979608100446], [1330.7595233451575, 646.4697960810045], [1130.7595233451575, 376.46979608100446]]]"
Wed Jul  8 06:42:56 2020,True,1277.5291424113511,0.782761008576672,"[0, 0, 0, 0, 0, 0, 0, 0, 0, 0, 0, 0, 0, 0, 0, 0]","[[[0.0, 0.0], [350.0, 0.0], [0.0, 340.0], [0.0, 0.0]], [[614.8803390211397, 0.0], [944.8803390211397, 0.0], [794.8803390211397, 150.0], [614.8803390211397, 0.0]], [[957.5291424113511, 0.0], [1277.5291424113511, 0.0], [1277.5291424113511, 410.0], [1097.5291424113511, 330.0], [957.5291424113511, 0.0]], [[350.0, 0.0], [530.0, 150.0], [510.0, 380.0], [480.0, 620.0], [390.0, 570.0], [0.0, 340.0], [350.0, 0.0]], [[890.0810708666379, 344.5866885017474], [1040.081070866638, 194.5866885017474], [1180.081070866638, 524.5866885017474], [1120.081070866638, 534.5866885017474], [870.0810708666379, 574.5866885017474], [890.0810708666379, 344.5866885017474]], [[530.0, 0.0], [920.0, 230.0], [730.0, 260.0], [530.0, 660.0], [530.0, 0.0]], [[607.8094206672976, 504.1418367076843], [857.8094206672976, 464.1418367076843], [877.8094206672976, 644.1418367076843], [897.8094206672976, 854.1418367076843], [827.8094206672976, 834.1418367076843], [577.8094206672976, 744.1418367076843], [607.8094206672976, 504.1418367076843]], [[0.0, 411.53846153846155], [60.0, 401.53846153846155], [240.0, 481.53846153846155], [20.0, 591.5384615384615], [0.0, 411.53846153846155]], [[0.0, 601.5384615384615], [220.0, 491.53846153846155], [20.0, 811.5384615384615], [0.0, 601.5384615384615]], [[0.0, 843.5384615384614], [200.0, 523.5384615384614], [200.0, 893.5384615384614], [0.0, 843.5384615384614]], [[216.784756841525, 522.6581982452917], [466.784756841525, 612.6581982452917], [206.784756841525, 672.6581982452917], [216.784756841525, 522.6581982452917]], [[997.408882231191, 554.2142386834189], [1187.408882231191, 524.2142386834189], [1277.408882231191, 574.2142386834189], [1267.408882231191, 724.2142386834189], [1237.408882231191, 954.2142386834189], [997.408882231191, 554.2142386834189]], [[1024.8803390211397, 600.0], [1264.8803390211397, 1000.0], [824.8803390211397, 1000.0], [1024.8803390211397, 600.0]], [[223.5629237367225, 712.8893795569223], [483.5629237367225, 652.8893795569223], [553.5629237367225, 672.8893795569223], [193.5629237367225, 942.8893795569223], [223.5629237367225, 712.8893795569223]], [[117.41542981261898, 1000.0], [477.415429812619, 730.0], [677.415429812619, 1000.0], [117.41542981261898, 1000.0]], [[477.415429812619, 730.0], [677.415429812619, 780.0], [677.415429812619, 1000.0], [477.415429812619, 730.0]]]"
Wed Jul  8 06:46:02 2020,True,1290.3044338354646,0.7750108995808634,"[0, 0, 0, 0, 0, 0, 0, 0, 0, 0, 0, 0, 0, 0, 0, 0]","[[[818.4293960695016, 0.0], [1168.4293960695018, 0.0], [818.4293960695016, 340.0], [818.4293960695016, 0.0]], [[553.1531252651172, 771.5252368869253], [883.1531252651172, 771.5252368869253], [733.1531252651172, 921.5252368869253], [553.1531252651172, 771.5252368869253]], [[498.42939606950165, 0.0], [818.4293960695016, 0.0], [818.4293960695016, 410.0], [638.4293960695016, 330.0], [498.42939606950165, 0.0]], [[385.81408645829777, 21.12112791130346], [565.8140864582978, 171.12112791130346], [545.8140864582978, 401.12112791130346], [515.8140864582978, 641.1211279113035], [425.81408645829777, 591.1211279113035], [35.814086458297766, 361.12112791130346], [385.81408645829777, 21.12112791130346]], [[1000.3044338354646, 167.60710617020743], [1150.3044338354646, 17.60710617020743], [1290.3044338354646, 347.60710617020743], [1230.3044338354646, 357.60710617020743], [980.3044338354646, 397.60710617020743], [1000.3044338354646, 167.60710617020743]], [[0.0, 339.99999999999966], [390.0, 569.9999999999997], [200.0, 599.9999999999997], [0.0, 999.9999999999997], [0.0, 339.99999999999966]], [[181.2711864406778, 637.457627118644], [431.2711864406778, 597.457627118644], [451.2711864406778, 777.457627118644], [471.2711864406778, 987.457627118644], [401.2711864406778, 967.457627118644], [151.2711864406778, 877.457627118644], [181.2711864406778, 637.457627118644]], [[455.32284100080693, 820.0], [515.3228410008069, 810.0], [695.3228410008069, 890.0], [475.32284100080693, 1000.0], [455.32284100080693, 820.0]], [[1006.4279767148971, 520.0], [1226.427976714897, 410.0], [1026.427976714897, 730.0], [1006.4279767148971, 520.0]], [[1090.3044338354646, 667.6071061702074], [1290.3044338354646, 347.60710617020743], [1290.3044338354646, 717.6071061702074], [1090.3044338354646, 667.6071061702074]], [[74.99999999999997, 850.0], [325.0, 940.0], [64.99999999999997, 1000.0], [74.99999999999997, 850.0]], [[686.221818262183, 430.8748807064187], [876.221818262183, 400.8748807064187], [966.221818262183, 450.8748807064187], [956.221818262183, 600.8748807064187], [926.221818262183, 830.8748807064187], [686.221818262183, 430.8748807064187]], [[650.6120319704869, 371.5252368869253], [890.6120319704869, 771.5252368869253], [450.6120319704869, 771.5252368869253], [650.6120319704869, 371.5252368869253]], [[30.0, 86.19766904222126], [290.0, 26.197669042221264], [360.0, 46.197669042221264], [0.0, 316.19766904222126], [30.0, 86.19766904222126]], [[700.7216592040746, 1000.0], [1060.7216592040745, 730.0], [1260.7216592040745, 1000.0], [700.7216592040746, 1000.0]], [[1068.7858189364833, 662.2274524454621], [1268.7858189364833, 712.2274524454621], [1268.7858189364833, 932.2274524454621], [1068.7858189364833, 662.2274524454621]]]"
