"[[0.0, 0.0], [303.20127185762436, 346.32199515408934], [0.0, 346.32199515408934], [0.0, 0.0]]","[[0.0, 0.0], [303.20127185762436, 346.32199515408934], [0.0, 346.32199515408934], [0.0, 0.0]]","[[202.13418123841623, -230.88133010272622], [505.3354530960406, 115.44066505136311], [505.3354530960406, 461.76266020545245], [202.13418123841623, 461.76266020545245], [-101.06709061920813, 115.44066505136311], [-101.06709061920813, -230.88133010272622]]"
"[[0.0, 0.0], [303.20127185762436, 346.32199515408934], [0.0, 346.32199515408934], [0.0, 0.0]]","[[0.0, 0.0], [116.79562042962078, 0.0], [116.79562042962078, 442.6654754272481], [0.0, 442.6654754272481]]","[[15.728529810412653, -230.88133010272622], [318.92980166803704, 115.44066505136311], [318.92980166803704, 558.1061404786112], [202.13418123841623, 558.1061404786112], [15.728529810412653, 558.1061404786112], [-101.06709061920813, 558.1061404786112], [-101.06709061920813, 211.7841453245219], [-101.06709061920813, 115.44066505136311], [-101.06709061920813, -230.88133010272622]]"
"[[0.0, 0.0], [303.20127185762436, 346.32199515408934], [0.0, 346.32199515408934], [0.0, 0.0]]","[[0.0, 0.0], [337.0399192668725, 188.21766175233154], [0.0, 376.4353235046631], [0.0, 0.0]]","[[202.13418123841623, 115.44066505136311], [202.13418123841623, 491.8759885560262], [-101.06709061920813, 491.8759885560262], [-438.10700988608073, 303.65832680369465], [-438.10700988608073, -42.66366835039469], [-101.06709061920813, -230.88133010272622]]"
"[[0.0, 0.0], [303.20127185762436, 346.32199515408934], [0.0, 346.32199515408934], [0.0, 0.0]]","[[0.0, 0.0], [241.80126582663118, 118.72539239498482], [0.0, 237.45078478996965], [0.0, 0.0]]","[[202.13418123841623, 115.44066505136311], [202.13418123841623, 352.8914498413328], [-101.06709061920813, 352.8914498413328], [-342.86835644583937, 234.16605744634796], [-342.86835644583937, -112.15593770774137], [-101.06709061920813, -230.88133010272622]]"
"[[0.0, 0.0], [303.20127185762436, 346.32199515408934], [0.0, 346.32199515408934], [0.0, 0.0]]","[[0.0, 0.0], [123.18709302404858, 0.0], [123.18709302404858, 326.9913592508945], [0.0, 326.9913592508945]]","[[22.12000240484045, -230.88133010272622], [325.32127426246484, 115.44066505136311], [325.32127426246484, 442.43202430225756], [202.13418123841623, 442.43202430225756], [22.12000240484045, 442.43202430225756], [-101.06709061920813, 442.43202430225756], [-101.06709061920813, 115.44066505136311], [-101.06709061920813, 96.11002914816822], [-101.06709061920813, -230.88133010272622]]"
"[[0.0, 0.0], [303.20127185762436, 346.32199515408934], [0.0, 346.32199515408934], [0.0, 0.0]]","[[0.0, 0.0], [64.31393234477781, 0.0], [64.31393234477781, 45.41153521263236], [0.0, 45.41153521263236]]","[[-36.75315827443032, -230.88133010272622], [266.4481135831941, 115.44066505136311], [266.4481135831941, 160.85220026399548], [202.13418123841623, 160.85220026399548], [-36.75315827443032, 160.85220026399548], [-101.06709061920813, 160.85220026399548], [-101.06709061920813, 115.44066505136311], [-101.06709061920813, -185.46979489009385], [-101.06709061920813, -230.88133010272622]]"
"[[0.0, 0.0], [303.20127185762436, 346.32199515408934], [0.0, 346.32199515408934], [0.0, 0.0]]","[[0.0, 0.0], [252.756703049906, 0.0], [252.756703049906, 232.5377182009742], [0.0, 476.20412960037896]]","[[202.13418123841623, 115.44066505136311], [202.13418123841623, 591.6447946517421], [-50.62252181148975, 591.6447946517421], [-101.06709061920813, 591.6447946517421], [-353.82379366911414, 591.6447946517421], [-353.82379366911414, 359.10707645076786], [-353.82379366911414, 245.3227994976528], [-353.82379366911414, 12.785081296678527], [-101.06709061920813, -230.88133010272622]]"
"[[0.0, 0.0], [303.20127185762436, 346.32199515408934], [0.0, 346.32199515408934], [0.0, 0.0]]","[[0.0, 0.0], [255.65469368602092, 0.0], [255.65469368602092, 354.62670600730644], [0.0, 340.29265048254507]]","[[154.5876030668128, -216.54727457796486], [457.7888749244372, 129.77472057612448], [457.7888749244372, 470.06737105866955], [202.13418123841623, 470.06737105866955], [154.58760306681282, 470.06737105866955], [-101.06709061920813, 470.06737105866955], [-101.06709061920813, 123.74537590458021], [-101.06709061920813, 115.44066505136311], [-101.06709061920813, -230.88133010272622]]"
"[[0.0, 0.0], [303.20127185762436, 346.32199515408934], [0.0, 346.32199515408934], [0.0, 0.0]]","[[0.0, 0.0], [393.08108381474256, 0.0], [393.08108381474256, 368.26211650545287], [0.0, 460.123708132171]]","[[202.13418123841623, 115.44066505136311], [202.13418123841623, 575.5643731835341], [-101.06709061920813, 575.5643731835341], [-190.94690257632638, 575.5643731835341], [-494.14817443395077, 575.5643731835341], [-494.14817443395077, 229.2423780294448], [-494.14817443395077, 207.30225667808122], [-494.14817443395077, -139.01973847600811], [-101.06709061920813, -230.88133010272622]]"
"[[0.0, 0.0], [303.20127185762436, 346.32199515408934], [0.0, 346.32199515408934], [0.0, 0.0]]","[[0.0, 0.0], [132.6056510207341, 0.0], [132.6056510207341, 336.2359966603662], [0.0, 336.2359966603662]]","[[31.538560401525956, -230.88133010272622], [334.7398322591504, 115.44066505136311], [334.7398322591504, 451.67666171172937], [202.13418123841623, 451.67666171172937], [31.538560401525984, 451.67666171172937], [-101.06709061920813, 451.67666171172937], [-101.06709061920813, 115.44066505136311], [-101.06709061920813, 105.35466655764003], [-101.06709061920813, -230.88133010272622]]"
"[[0.0, 0.0], [116.79562042962078, 0.0], [116.79562042962078, 442.6654754272481], [0.0, 442.6654754272481]]","[[0.0, 0.0], [303.20127185762436, 346.32199515408934], [0.0, 346.32199515408934], [0.0, 0.0]]","[[58.3978102148104, -221.33273771362406], [244.80346164281397, -221.33273771362406], [361.5990820724348, -221.33273771362406], [361.5990820724348, 124.98925744046528], [361.5990820724348, 221.33273771362406], [361.5990820724348, 567.6547328677134], [244.80346164281397, 567.6547328677134], [-58.397810214810384, 221.33273771362406], [-58.397810214810384, -221.33273771362406]]"
"[[0.0, 0.0], [116.79562042962078, 0.0], [116.79562042962078, 442.6654754272481], [0.0, 442.6654754272481]]","[[0.0, 0.0], [116.79562042962078, 0.0], [116.79562042962078, 442.6654754272481], [0.0, 442.6654754272481]]","[[58.3978102148104, -221.33273771362406], [175.19343064443117, -221.33273771362406], [175.19343064443117, 221.33273771362406], [175.19343064443117, 663.9982131408722], [58.3978102148104, 663.9982131408722], [-58.397810214810384, 663.9982131408722], [-58.397810214810384, 221.33273771362406], [-58.397810214810384, -221.33273771362406]]"
"[[0.0, 0.0], [116.79562042962078, 0.0], [116.79562042962078, 442.6654754272481], [0.0, 442.6654754272481]]","[[0.0, 0.0], [337.0399192668725, 188.21766175233154], [0.0, 376.4353235046631], [0.0, 0.0]]","[[58.3978102148104, -221.33273771362406], [58.3978102148104, 155.10258579103902], [58.3978102148104, 221.33273771362406], [58.3978102148104, 597.7680612182871], [-58.397810214810384, 597.7680612182871], [-395.4377294816829, 409.5503994659556], [-395.4377294816829, -33.11507596129252], [-58.397810214810384, -221.33273771362406]]"
"[[0.0, 0.0], [116.79562042962078, 0.0], [116.79562042962078, 442.6654754272481], [0.0, 442.6654754272481]]","[[0.0, 0.0], [241.80126582663118, 118.72539239498482], [0.0, 237.45078478996965], [0.0, 0.0]]","[[58.3978102148104, -221.33273771362406], [58.3978102148104, 16.11804707634559], [58.3978102148104, 221.33273771362406], [58.3978102148104, 458.78352250359376], [-58.397810214810384, 458.78352250359376], [-300.1990760414416, 340.058130108609], [-300.1990760414416, -102.60734531863909], [-58.397810214810384, -221.33273771362406]]"
"[[0.0, 0.0], [116.79562042962078, 0.0], [116.79562042962078, 442.6654754272481], [0.0, 442.6654754272481]]","[[0.0, 0.0], [123.18709302404858, 0.0], [123.18709302404858, 326.9913592508945], [0.0, 326.9913592508945]]","[[58.3978102148104, -221.33273771362406], [64.78928280923819, -221.33273771362406], [181.58490323885897, -221.33273771362406], [181.58490323885897, 105.65862153727045], [181.58490323885897, 221.33273771362406], [181.58490323885897, 548.3240969645185], [64.78928280923819, 548.3240969645185], [58.3978102148104, 548.3240969645185], [-58.397810214810384, 548.3240969645185], [-58.397810214810384, 221.33273771362406], [-58.397810214810384, 105.65862153727039], [-58.397810214810384, -221.33273771362406]]"
"[[0.0, 0.0], [116.79562042962078, 0.0], [116.79562042962078, 442.6654754272481], [0.0, 442.6654754272481]]","[[0.0, 0.0], [64.31393234477781, 0.0], [64.31393234477781, 45.41153521263236], [0.0, 45.41153521263236]]","[[5.916122129967427, -221.33273771362406], [58.3978102148104, -221.33273771362406], [122.7117425595882, -221.33273771362406], [122.7117425595882, -175.92120250099168], [122.7117425595882, 221.33273771362406], [122.7117425595882, 266.74427292625643], [58.3978102148104, 266.74427292625643], [5.916122129967427, 266.74427292625643], [-58.397810214810384, 266.74427292625643], [-58.397810214810384, 221.33273771362406], [-58.397810214810384, -175.92120250099168], [-58.397810214810384, -221.33273771362406]]"
"[[0.0, 0.0], [116.79562042962078, 0.0], [116.79562042962078, 442.6654754272481], [0.0, 442.6654754272481]]","[[0.0, 0.0], [252.756703049906, 0.0], [252.756703049906, 232.5377182009742], [0.0, 476.20412960037896]]","[[58.3978102148104, -221.33273771362406], [58.3978102148104, 221.33273771362406], [58.3978102148104, 254.8713918867549], [58.3978102148104, 697.5368673140031], [-58.397810214810384, 697.5368673140031], [-194.3588928350956, 697.5368673140031], [-311.15451326471634, 697.5368673140031], [-311.15451326471634, 464.9991491130288], [-311.15451326471634, 254.87139188675496], [-311.15451326471634, 22.333673685780695], [-58.397810214810384, -221.33273771362406]]"
"[[0.0, 0.0], [116.79562042962078, 0.0], [116.79562042962078, 442.6654754272481], [0.0, 442.6654754272481]]","[[0.0, 0.0], [255.65469368602092, 0.0], [255.65469368602092, 354.62670600730644], [0.0, 340.29265048254507]]","[[58.3978102148104, -221.33273771362406], [314.05250390083137, -206.9986821888627], [314.05250390083137, 133.29396829368238], [314.05250390083137, 235.66679323838542], [314.05250390083137, 575.9594437209305], [197.25688347121056, 575.9594437209305], [58.3978102148104, 575.9594437209305], [-58.397810214810384, 575.9594437209305], [-58.397810214810384, 221.33273771362406], [-58.397810214810384, 133.29396829368238], [-58.397810214810384, -221.33273771362406]]"
"[[0.0, 0.0], [116.79562042962078, 0.0], [116.79562042962078, 442.6654754272481], [0.0, 442.6654754272481]]","[[0.0, 0.0], [393.08108381474256, 0.0], [393.08108381474256, 368.26211650545287], [0.0, 460.123708132171]]","[[58.3978102148104, -221.33273771362406], [58.3978102148104, 221.33273771362406], [58.3978102148104, 238.79097041854692], [58.3978102148104, 681.4564458457951], [-58.397810214810384, 681.4564458457951], [-334.68327359993214, 681.4564458457951], [-451.4788940295529, 681.4564458457951], [-451.4788940295529, 313.19432934034216], [-451.4788940295529, 238.79097041854698], [-451.4788940295529, -129.47114608690595], [-58.397810214810384, -221.33273771362406]]"
"[[0.0, 0.0], [116.79562042962078, 0.0], [116.79562042962078, 442.6654754272481], [0.0, 442.6654754272481]]","[[0.0, 0.0], [132.6056510207341, 0.0], [132.6056510207341, 336.2359966603662], [0.0, 336.2359966603662]]","[[58.3978102148104, -221.33273771362406], [74.2078408059237, -221.33273771362406], [191.00346123554448, -221.33273771362406], [191.00346123554448, 114.90325894674214], [191.00346123554448, 221.33273771362406], [191.00346123554448, 557.5687343739903], [74.2078408059237, 557.5687343739903], [58.3978102148104, 557.5687343739903], [-58.397810214810384, 557.5687343739903], [-58.397810214810384, 221.33273771362406], [-58.397810214810384, 114.9032589467422], [-58.397810214810384, -221.33273771362406]]"
"[[0.0, 0.0], [337.0399192668725, 188.21766175233154], [0.0, 376.4353235046631], [0.0, 0.0]]","[[0.0, 0.0], [303.20127185762436, 346.32199515408934], [0.0, 346.32199515408934], [0.0, 0.0]]","[[190.8546321020002, -188.21766175233154], [527.8945513688727, 0.0], [527.8945513688727, 346.32199515408934], [190.85463210200027, 534.5396569064209], [-112.34663975562417, 188.21766175233154], [-112.34663975562417, -188.21766175233154]]"
"[[0.0, 0.0], [337.0399192668725, 188.21766175233154], [0.0, 376.4353235046631], [0.0, 0.0]]","[[0.0, 0.0], [116.79562042962078, 0.0], [116.79562042962078, 442.6654754272481], [0.0, 442.6654754272481]]","[[4.448980673996616, -188.21766175233154], [341.48889994086915, 0.0], [341.48889994086915, 442.6654754272481], [4.448980673996616, 630.8831371795796], [-112.34663975562417, 630.8831371795796], [-112.34663975562417, 254.44781367491657], [-112.34663975562417, 188.21766175233154], [-112.34663975562417, -188.21766175233154]]"
"[[0.0, 0.0], [337.0399192668725, 188.21766175233154], [0.0, 376.4353235046631], [0.0, 0.0]]","[[0.0, 0.0], [337.0399192668725, 188.21766175233154], [0.0, 376.4353235046631], [0.0, 0.0]]","[[224.69327951124836, 0.0], [224.69327951124836, 376.4353235046631], [-112.34663975562417, 564.6529852569946], [-449.38655902249667, 376.4353235046631], [-449.38655902249667, 0.0], [-112.34663975562417, -188.21766175233154]]"
"[[0.0, 0.0], [337.0399192668725, 188.21766175233154], [0.0, 376.4353235046631], [0.0, 0.0]]","[[0.0, 0.0], [241.80126582663118, 118.72539239498482], [0.0, 237.45078478996965], [0.0, 0.0]]","[[224.69327951124836, 0.0], [224.69327951124836, 237.45078478996965], [-112.34663975562417, 425.66844654230124], [-354.1479055822553, 306.9430541473164], [-354.1479055822553, -69.49226935734669], [-112.34663975562417, -188.21766175233154]]"
"[[0.0, 0.0], [337.0399192668725, 188.21766175233154], [0.0, 376.4353235046631], [0.0, 0.0]]","[[0.0, 0.0], [123.18709302404858, 0.0], [123.18709302404858, 326.9913592508945], [0.0, 326.9913592508945]]","[[10.840453268424412, -188.21766175233154], [347.88037253529694, 0.0], [347.88037253529694, 326.99135925089456], [10.840453268424412, 515.2090210032261], [-112.34663975562417, 515.2090210032261], [-112.34663975562417, 188.21766175233154], [-112.34663975562417, 138.77369749856302], [-112.34663975562417, -188.21766175233154]]"
"[[0.0, 0.0], [337.0399192668725, 188.21766175233154], [0.0, 376.4353235046631], [0.0, 0.0]]","[[0.0, 0.0], [64.31393234477781, 0.0], [64.31393234477781, 45.41153521263236], [0.0, 45.41153521263236]]","[[-48.032707410846356, -188.21766175233154], [289.0072118560262, 0.0], [289.0072118560262, 45.41153521263237], [-48.032707410846356, 233.6291969649639], [-112.34663975562417, 233.6291969649639], [-112.34663975562417, 188.21766175233154], [-112.34663975562417, -142.80612653969916], [-112.34663975562417, -188.21766175233154]]"
"[[0.0, 0.0], [337.0399192668725, 188.21766175233154], [0.0, 376.4353235046631], [0.0, 0.0]]","[[0.0, 0.0], [252.756703049906, 0.0], [252.756703049906, 232.5377182009742], [0.0, 476.20412960037896]]","[[224.69327951124836, 0.0], [224.69327951124836, 476.2041296003789], [-112.34663975562417, 664.4217913527104], [-365.1033428055302, 664.4217913527104], [-365.1033428055302, 431.8840731517362], [-365.1033428055302, 287.98646784804737], [-365.1033428055302, 55.4487496470731], [-112.34663975562417, -188.21766175233154]]"
"[[0.0, 0.0], [337.0399192668725, 188.21766175233154], [0.0, 376.4353235046631], [0.0, 0.0]]","[[0.0, 0.0], [255.65469368602092, 0.0], [255.65469368602092, 354.62670600730644], [0.0, 340.29265048254507]]","[[143.30805393039674, -173.88360622757017], [480.34797319726925, 14.334055524761368], [480.34797319726925, 354.62670600730644], [143.30805393039674, 542.844367759638], [-112.34663975562417, 542.844367759638], [-112.34663975562417, 188.21766175233154], [-112.34663975562417, 166.4090442549749], [-112.34663975562417, -188.21766175233154]]"
"[[0.0, 0.0], [337.0399192668725, 188.21766175233154], [0.0, 376.4353235046631], [0.0, 0.0]]","[[0.0, 0.0], [393.08108381474256, 0.0], [393.08108381474256, 368.26211650545287], [0.0, 460.123708132171]]","[[224.69327951124836, 0.0], [224.69327951124836, 460.1237081321709], [-112.34663975562417, 648.3413698845025], [-505.4277235703667, 648.3413698845025], [-505.4277235703667, 280.07925337904965], [-505.4277235703667, 271.9060463798394], [-505.4277235703667, -96.35607012561343], [-112.34663975562417, -188.21766175233154]]"
"[[0.0, 0.0], [337.0399192668725, 188.21766175233154], [0.0, 376.4353235046631], [0.0, 0.0]]","[[0.0, 0.0], [132.6056510207341, 0.0], [132.6056510207341, 336.2359966603662], [0.0, 336.2359966603662]]","[[20.25901126510992, -188.21766175233154], [357.2989305319824, 0.0], [357.2989305319824, 336.23599666036614], [20.25901126510989, 524.4536584126977], [-112.34663975562417, 524.4536584126977], [-112.34663975562417, 188.21766175233154], [-112.34663975562417, 148.0183349080346], [-112.34663975562417, -188.21766175233154]]"
"[[0.0, 0.0], [241.80126582663118, 118.72539239498482], [0.0, 237.45078478996965], [0.0, 0.0]]","[[0.0, 0.0], [303.20127185762436, 346.32199515408934], [0.0, 346.32199515408934], [0.0, 0.0]]","[[222.60084991541396, -118.72539239498481], [464.40211574204517, 1.4210854715202004e-14], [464.40211574204517, 346.3219951540894], [222.60084991541402, 465.04738754907424], [-80.60042194221039, 118.72539239498484], [-80.60042194221039, -118.72539239498481]]"
"[[0.0, 0.0], [241.80126582663118, 118.72539239498482], [0.0, 237.45078478996965], [0.0, 0.0]]","[[0.0, 0.0], [116.79562042962078, 0.0], [116.79562042962078, 442.6654754272481], [0.0, 442.6654754272481]]","[[36.195198487410394, -118.72539239498481], [277.9964643140416, 1.4210854715202004e-14], [277.9964643140416, 442.66547542724817], [36.19519848741042, 561.390867822233], [-80.60042194221039, 561.390867822233], [-80.60042194221039, 323.9400830322633], [-80.60042194221039, 118.72539239498484], [-80.60042194221039, -118.72539239498481]]"
"[[0.0, 0.0], [241.80126582663118, 118.72539239498482], [0.0, 237.45078478996965], [0.0, 0.0]]","[[0.0, 0.0], [337.0399192668725, 188.21766175233154], [0.0, 376.4353235046631], [0.0, 0.0]]","[[161.2008438844208, 1.4210854715202004e-14], [161.2008438844208, 376.43532350466313], [-80.60042194221039, 495.160715899648], [-417.6403412090829, 306.94305414731645], [-417.6403412090829, 69.49226935734679], [-80.60042194221039, -118.72539239498478]]"
"[[0.0, 0.0], [241.80126582663118, 118.72539239498482], [0.0, 237.45078478996965], [0.0, 0.0]]","[[0.0, 0.0], [241.80126582663118, 118.72539239498482], [0.0, 237.45078478996965], [0.0, 0.0]]","[[161.2008438844208, 1.4210854715202004e-14], [161.2008438844208, 237.45078478996965], [-80.60042194221039, 356.1761771849545], [-322.40168776884155, 237.4507847899697], [-322.40168776884155, 4.263256414560601e-14], [-80.60042194221039, -118.72539239498481]]"
"[[0.0, 0.0], [241.80126582663118, 118.72539239498482], [0.0, 237.45078478996965], [0.0, 0.0]]","[[0.0, 0.0], [123.18709302404858, 0.0], [123.18709302404858, 326.9913592508945], [0.0, 326.9913592508945]]","[[42.58667108183819, -118.72539239498481], [284.3879369084694, 1.4210854715202004e-14], [284.3879369084694, 326.9913592508945], [42.58667108183822, 445.71675164587936], [-80.60042194221039, 445.71675164587936], [-80.60042194221039, 208.2659668559097], [-80.60042194221039, 118.72539239498484], [-80.60042194221039, -118.72539239498481]]"
"[[0.0, 0.0], [241.80126582663118, 118.72539239498482], [0.0, 237.45078478996965], [0.0, 0.0]]","[[0.0, 0.0], [64.31393234477781, 0.0], [64.31393234477781, 45.41153521263236], [0.0, 45.41153521263236]]","[[-16.286489597432578, -118.72539239498481], [225.51477622919862, 1.4210854715202004e-14], [225.51477622919862, 45.41153521263236], [-16.28648959743255, 164.13692760761722], [-80.60042194221039, 164.13692760761722], [-80.60042194221039, 118.72539239498484], [-80.60042194221039, -73.31385718235244], [-80.60042194221039, -118.72539239498481]]"
"[[0.0, 0.0], [241.80126582663118, 118.72539239498482], [0.0, 237.45078478996965], [0.0, 0.0]]","[[0.0, 0.0], [252.756703049906, 0.0], [252.756703049906, 232.5377182009742], [0.0, 476.20412960037896]]","[[161.2008438844208, 1.4210854715202004e-14], [161.2008438844208, 476.2041296003791], [-80.60042194221039, 594.9295219953639], [-333.3571249921164, 594.9295219953639], [-333.3571249921164, 362.39180379438966], [-333.3571249921164, 357.4787372053943], [-333.3571249921164, 124.94101900441997], [-80.60042194221039, -118.72539239498481]]"
"[[0.0, 0.0], [241.80126582663118, 118.72539239498482], [0.0, 237.45078478996965], [0.0, 0.0]]","[[0.0, 0.0], [255.65469368602092, 0.0], [255.65469368602092, 354.62670600730644], [0.0, 340.29265048254507]]","[[175.05427174381055, -104.39133687022344], [416.8555375704417, 14.334055524761382], [416.8555375704417, 354.6267060073065], [175.05427174381055, 473.35209840229135], [-80.60042194221039, 473.35209840229135], [-80.60042194221039, 235.9013136123217], [-80.60042194221039, 118.72539239498484], [-80.60042194221039, -118.72539239498481]]"
"[[0.0, 0.0], [241.80126582663118, 118.72539239498482], [0.0, 237.45078478996965], [0.0, 0.0]]","[[0.0, 0.0], [393.08108381474256, 0.0], [393.08108381474256, 368.26211650545287], [0.0, 460.123708132171]]","[[161.2008438844208, 1.4210854715202004e-14], [161.2008438844208, 460.1237081321711], [-80.60042194221039, 578.8491005271559], [-473.68150575695296, 578.8491005271559], [-473.68150575695296, 341.39831573718624], [-473.68150575695296, 210.58698402170296], [-473.68150575695296, -26.8638007682667], [-80.60042194221039, -118.72539239498481]]"
"[[0.0, 0.0], [241.80126582663118, 118.72539239498482], [0.0, 237.45078478996965], [0.0, 0.0]]","[[0.0, 0.0], [132.6056510207341, 0.0], [132.6056510207341, 336.2359966603662], [0.0, 336.2359966603662]]","[[52.0052290785237, -118.72539239498481], [293.80649490515486, 1.4210854715202004e-14], [293.80649490515486, 336.2359966603662], [52.0052290785237, 454.96138905535105], [-80.60042194221039, 454.96138905535105], [-80.60042194221039, 217.5106042653814], [-80.60042194221039, 118.72539239498484], [-80.60042194221039, -118.72539239498481]]"
"[[0.0, 0.0], [123.18709302404858, 0.0], [123.18709302404858, 326.9913592508945], [0.0, 326.9913592508945]]","[[0.0, 0.0], [303.20127185762436, 346.32199515408934], [0.0, 346.32199515408934], [0.0, 0.0]]","[[61.59354651202428, -163.49567962544725], [241.60772534560007, -163.49567962544725], [364.7948183696486, -163.49567962544725], [364.7948183696486, 163.49567962544725], [364.7948183696486, 182.82631552864208], [364.7948183696486, 509.81767477953656], [241.60772534560007, 509.81767477953656], [-61.5935465120243, 163.49567962544725], [-61.5935465120243, -163.49567962544725]]"
"[[0.0, 0.0], [123.18709302404858, 0.0], [123.18709302404858, 326.9913592508945], [0.0, 326.9913592508945]]","[[0.0, 0.0], [116.79562042962078, 0.0], [116.79562042962078, 442.6654754272481], [0.0, 442.6654754272481]]","[[55.202073917596486, -163.49567962544725], [61.59354651202428, -163.49567962544725], [178.38916694164507, -163.49567962544725], [178.38916694164507, 163.49567962544725], [178.38916694164507, 279.1697958018009], [178.38916694164507, 606.1611550526953], [61.59354651202428, 606.1611550526953], [55.202073917596486, 606.1611550526953], [-61.5935465120243, 606.1611550526953], [-61.5935465120243, 279.1697958018008], [-61.5935465120243, 163.49567962544725], [-61.5935465120243, -163.49567962544725]]"
"[[0.0, 0.0], [123.18709302404858, 0.0], [123.18709302404858, 326.9913592508945], [0.0, 326.9913592508945]]","[[0.0, 0.0], [337.0399192668725, 188.21766175233154], [0.0, 376.4353235046631], [0.0, 0.0]]","[[61.59354651202428, -163.49567962544725], [61.59354651202428, 163.49567962544725], [61.59354651202428, 212.93964387921582], [61.59354651202428, 539.9310031301103], [-61.5935465120243, 539.9310031301103], [-398.63346577889683, 351.71334137777865], [-398.63346577889683, 24.721982126884114], [-61.5935465120243, -163.49567962544725]]"
"[[0.0, 0.0], [123.18709302404858, 0.0], [123.18709302404858, 326.9913592508945], [0.0, 326.9913592508945]]","[[0.0, 0.0], [241.80126582663118, 118.72539239498482], [0.0, 237.45078478996965], [0.0, 0.0]]","[[61.59354651202428, -163.49567962544725], [61.59354651202428, 73.9551051645224], [61.59354651202428, 163.49567962544725], [61.59354651202428, 400.9464644154169], [-61.5935465120243, 400.9464644154169], [-303.3948123386555, 282.2210720204321], [-303.3948123386555, -44.7702872304624], [-61.5935465120243, -163.49567962544725]]"
"[[0.0, 0.0], [123.18709302404858, 0.0], [123.18709302404858, 326.9913592508945], [0.0, 326.9913592508945]]","[[0.0, 0.0], [123.18709302404858, 0.0], [123.18709302404858, 326.9913592508945], [0.0, 326.9913592508945]]","[[61.59354651202428, -163.49567962544725], [184.78063953607287, -163.49567962544725], [184.78063953607287, 163.49567962544725], [184.78063953607287, 490.4870388763418], [61.59354651202428, 490.4870388763418], [-61.5935465120243, 490.4870388763418], [-61.5935465120243, 163.49567962544725], [-61.5935465120243, -163.49567962544725]]"
"[[0.0, 0.0], [123.18709302404858, 0.0], [123.18709302404858, 326.9913592508945], [0.0, 326.9913592508945]]","[[0.0, 0.0], [64.31393234477781, 0.0], [64.31393234477781, 45.41153521263236], [0.0, 45.41153521263236]]","[[2.7203858327535144, -163.49567962544725], [61.59354651202428, -163.49567962544725], [125.9074788568021, -163.49567962544725], [125.9074788568021, -118.0841444128149], [125.9074788568021, 163.49567962544725], [125.9074788568021, 208.90721483807962], [61.59354651202428, 208.90721483807962], [2.7203858327535144, 208.90721483807962], [-61.5935465120243, 208.90721483807962], [-61.5935465120243, 163.49567962544725], [-61.5935465120243, -118.08414441281488], [-61.5935465120243, -163.49567962544725]]"
"[[0.0, 0.0], [123.18709302404858, 0.0], [123.18709302404858, 326.9913592508945], [0.0, 326.9913592508945]]","[[0.0, 0.0], [252.756703049906, 0.0], [252.756703049906, 232.5377182009742], [0.0, 476.20412960037896]]","[[61.59354651202428, -163.49567962544725], [61.59354651202428, 163.49567962544725], [61.59354651202428, 312.7084499749317], [61.59354651202428, 639.6998092258262], [-61.5935465120243, 639.6998092258262], [-191.1631565378817, 639.6998092258262], [-314.3502495619303, 639.6998092258262], [-314.3502495619303, 407.162091024852], [-314.3502495619303, 312.7084499749317], [-314.3502495619303, 80.17073177395744], [-61.5935465120243, -163.49567962544725]]"
"[[0.0, 0.0], [123.18709302404858, 0.0], [123.18709302404858, 326.9913592508945], [0.0, 326.9913592508945]]","[[0.0, 0.0], [255.65469368602092, 0.0], [255.65469368602092, 354.62670600730644], [0.0, 340.29265048254507]]","[[61.59354651202428, -163.49567962544725], [317.2482401980452, -149.16162410068588], [317.2482401980452, 177.82973515020862], [317.2482401980452, 191.1310263818592], [317.2482401980452, 518.1223856327537], [194.06114717399666, 518.1223856327537], [61.59354651202428, 518.1223856327537], [-61.5935465120243, 518.1223856327537], [-61.5935465120243, 191.13102638185913], [-61.5935465120243, 163.49567962544725], [-61.5935465120243, -163.49567962544725]]"
"[[0.0, 0.0], [123.18709302404858, 0.0], [123.18709302404858, 326.9913592508945], [0.0, 326.9913592508945]]","[[0.0, 0.0], [393.08108381474256, 0.0], [393.08108381474256, 368.26211650545287], [0.0, 460.123708132171]]","[[61.59354651202428, -163.49567962544725], [61.59354651202428, 163.49567962544725], [61.59354651202428, 296.6280285067237], [61.59354651202428, 623.6193877576183], [-61.5935465120243, 623.6193877576183], [-331.48753730271824, 623.6193877576183], [-454.6746303267668, 623.6193877576183], [-454.6746303267668, 296.6280285067237], [-454.6746303267668, 255.35727125216536], [-454.6746303267668, -71.63408799872914], [-61.5935465120243, -163.49567962544725]]"
"[[0.0, 0.0], [123.18709302404858, 0.0], [123.18709302404858, 326.9913592508945], [0.0, 326.9913592508945]]","[[0.0, 0.0], [132.6056510207341, 0.0], [132.6056510207341, 336.2359966603662], [0.0, 336.2359966603662]]","[[61.59354651202428, -163.49567962544725], [71.0121045087098, -163.49567962544725], [194.19919753275838, -163.49567962544725], [194.19919753275838, 163.49567962544725], [194.19919753275838, 172.74031703491895], [194.19919753275838, 499.7316762858135], [71.0121045087098, 499.7316762858135], [61.59354651202428, 499.7316762858135], [-61.5935465120243, 499.7316762858135], [-61.5935465120243, 172.74031703491895], [-61.5935465120243, 163.49567962544725], [-61.5935465120243, -163.49567962544725]]"
"[[0.0, 0.0], [64.31393234477781, 0.0], [64.31393234477781, 45.41153521263236], [0.0, 45.41153521263236]]","[[0.0, 0.0], [303.20127185762436, 346.32199515408934], [0.0, 346.32199515408934], [0.0, 0.0]]","[[32.156966172388906, -22.70576760631618], [271.0443056852355, -22.70576760631618], [335.35823803001324, -22.70576760631618], [335.35823803001324, 22.70576760631618], [335.35823803001324, 323.6162275477732], [335.35823803001324, 369.02776276040555], [271.0443056852355, 369.02776276040555], [-32.156966172388906, 22.705767606316194], [-32.156966172388906, -22.705767606316165]]"
"[[0.0, 0.0], [64.31393234477781, 0.0], [64.31393234477781, 45.41153521263236], [0.0, 45.41153521263236]]","[[0.0, 0.0], [116.79562042962078, 0.0], [116.79562042962078, 442.6654754272481], [0.0, 442.6654754272481]]","[[32.156966172388906, -22.70576760631618], [84.63865425723188, -22.70576760631618], [148.9525866020097, -22.70576760631618], [148.9525866020097, 22.70576760631618], [148.9525866020097, 419.95970782093195], [148.9525866020097, 465.3712430335643], [84.63865425723188, 465.3712430335643], [32.156966172388906, 465.3712430335643], [-32.156966172388906, 465.3712430335643], [-32.156966172388906, 419.95970782093195], [-32.156966172388906, 22.705767606316194], [-32.156966172388906, -22.70576760631618]]"
"[[0.0, 0.0], [64.31393234477781, 0.0], [64.31393234477781, 45.41153521263236], [0.0, 45.41153521263236]]","[[0.0, 0.0], [337.0399192668725, 188.21766175233154], [0.0, 376.4353235046631], [0.0, 0.0]]","[[32.156966172388906, -22.70576760631618], [32.156966172388906, 22.70576760631618], [32.156966172388906, 353.7295558983469], [32.156966172388906, 399.1410911109793], [-32.156966172388906, 399.1410911109793], [-369.19688543926145, 210.92342935864772], [-369.19688543926145, 165.51189414601535], [-32.156966172388906, -22.70576760631618]]"
"[[0.0, 0.0], [64.31393234477781, 0.0], [64.31393234477781, 45.41153521263236], [0.0, 45.41153521263236]]","[[0.0, 0.0], [241.80126582663118, 118.72539239498482], [0.0, 237.45078478996965], [0.0, 0.0]]","[[32.156966172388906, -22.70576760631618], [32.156966172388906, 22.70576760631618], [32.156966172388906, 214.74501718365346], [32.156966172388906, 260.15655239628586], [-32.156966172388906, 260.15655239628586], [-273.9582319990201, 141.43116000130104], [-273.9582319990201, 96.0196247886687], [-32.156966172388906, -22.70576760631618]]"
"[[0.0, 0.0], [64.31393234477781, 0.0], [64.31393234477781, 45.41153521263236], [0.0, 45.41153521263236]]","[[0.0, 0.0], [123.18709302404858, 0.0], [123.18709302404858, 326.9913592508945], [0.0, 326.9913592508945]]","[[32.156966172388906, -22.70576760631618], [91.03012685165967, -22.70576760631618], [155.34405919643748, -22.70576760631618], [155.34405919643748, 22.70576760631618], [155.34405919643748, 304.28559164457835], [155.34405919643748, 349.6971268572107], [91.03012685165967, 349.6971268572107], [32.156966172388906, 349.6971268572107], [-32.156966172388906, 349.6971268572107], [-32.156966172388906, 304.28559164457835], [-32.156966172388906, 22.705767606316194], [-32.156966172388906, -22.70576760631618]]"
"[[0.0, 0.0], [64.31393234477781, 0.0], [64.31393234477781, 45.41153521263236], [0.0, 45.41153521263236]]","[[0.0, 0.0], [64.31393234477781, 0.0], [64.31393234477781, 45.41153521263236], [0.0, 45.41153521263236]]","[[32.156966172388906, -22.70576760631618], [96.47089851716672, -22.70576760631618], [96.47089851716672, 22.70576760631618], [96.47089851716672, 68.11730281894853], [32.156966172388906, 68.11730281894853], [-32.156966172388906, 68.11730281894853], [-32.156966172388906, 22.70576760631618], [-32.156966172388906, -22.70576760631618]]"
"[[0.0, 0.0], [64.31393234477781, 0.0], [64.31393234477781, 45.41153521263236], [0.0, 45.41153521263236]]","[[0.0, 0.0], [252.756703049906, 0.0], [252.756703049906, 232.5377182009742], [0.0, 476.20412960037896]]","[[32.156966172388906, -22.70576760631618], [32.156966172388906, 22.70576760631618], [32.156966172388906, 453.4983619940628], [32.156966172388906, 498.9098972066952], [-32.156966172388906, 498.9098972066952], [-220.59973687751707, 498.9098972066952], [-284.91366922229486, 498.9098972066952], [-284.91366922229486, 453.4983619940628], [-284.91366922229486, 266.37217900572097], [-284.91366922229486, 220.96064379308856], [-32.156966172388906, -22.70576760631618]]"
"[[0.0, 0.0], [64.31393234477781, 0.0], [64.31393234477781, 45.41153521263236], [0.0, 45.41153521263236]]","[[0.0, 0.0], [255.65469368602092, 0.0], [255.65469368602092, 354.62670600730644], [0.0, 340.29265048254507]]","[[32.156966172388906, -22.70576760631618], [287.8116598584098, -8.371712081554811], [287.8116598584098, 37.03982313107755], [287.8116598584098, 331.9209384009903], [287.8116598584098, 377.33247361362265], [223.49772751363204, 377.33247361362265], [32.156966172388906, 377.33247361362265], [-32.156966172388906, 377.33247361362265], [-32.156966172388906, 331.9209384009903], [-32.156966172388906, 22.705767606316194], [-32.156966172388906, -22.70576760631618]]"
"[[0.0, 0.0], [64.31393234477781, 0.0], [64.31393234477781, 45.41153521263236], [0.0, 45.41153521263236]]","[[0.0, 0.0], [393.08108381474256, 0.0], [393.08108381474256, 368.26211650545287], [0.0, 460.123708132171]]","[[32.156966172388906, -22.70576760631618], [32.156966172388906, 22.70576760631618], [32.156966172388906, 437.4179405258548], [32.156966172388906, 482.8294757384872], [-32.156966172388906, 482.8294757384872], [-360.9241176423536, 482.8294757384872], [-425.2380499871315, 482.8294757384872], [-425.2380499871315, 437.4179405258548], [-425.2380499871315, 114.5673592330343], [-425.2380499871315, 69.15582402040192], [-32.156966172388906, -22.70576760631618]]"
"[[0.0, 0.0], [64.31393234477781, 0.0], [64.31393234477781, 45.41153521263236], [0.0, 45.41153521263236]]","[[0.0, 0.0], [132.6056510207341, 0.0], [132.6056510207341, 336.2359966603662], [0.0, 336.2359966603662]]","[[32.156966172388906, -22.70576760631618], [100.44868484834518, -22.70576760631618], [164.762617193123, -22.70576760631618], [164.762617193123, 22.70576760631618], [164.762617193123, 313.53022905405004], [164.762617193123, 358.9417642666824], [100.44868484834518, 358.9417642666824], [32.156966172388906, 358.9417642666824], [-32.156966172388906, 358.9417642666824], [-32.156966172388906, 313.53022905405004], [-32.156966172388906, 22.705767606316194], [-32.156966172388906, -22.70576760631618]]"
"[[0.0, 0.0], [252.756703049906, 0.0], [252.756703049906, 232.5377182009742], [0.0, 476.20412960037896]]","[[0.0, 0.0], [303.20127185762436, 346.32199515408934], [0.0, 346.32199515408934], [0.0, 0.0]]","[[140.8613679152823, -184.16653225923037], [191.30593672300066, -184.16653225923037], [444.06263977290666, -184.16653225923037], [444.06263977290666, 48.371185941743846], [444.06263977290666, 162.15546289485897], [444.06263977290666, 394.6931810958332], [191.3059367230006, 638.359592495238], [-111.8953351346237, 292.0375973411486], [-111.8953351346237, -184.16653225923037]]"
"[[0.0, 0.0], [252.756703049906, 0.0], [252.756703049906, 232.5377182009742], [0.0, 476.20412960037896]]","[[0.0, 0.0], [116.79562042962078, 0.0], [116.79562042962078, 442.6654754272481], [0.0, 442.6654754272481]]","[[4.900285294997076, -184.16653225923037], [140.8613679152823, -184.16653225923037], [257.6569883449031, -184.16653225923037], [257.6569883449031, 48.371185941743846], [257.6569883449031, 258.4989431680177], [257.6569883449031, 491.036661368992], [4.9002852949970475, 734.7030727683967], [-111.8953351346237, 734.7030727683967], [-111.8953351346237, 292.0375973411486], [-111.8953351346237, 258.49894316801783], [-111.8953351346237, -184.16653225923037]]"
"[[0.0, 0.0], [252.756703049906, 0.0], [252.756703049906, 232.5377182009742], [0.0, 476.20412960037896]]","[[0.0, 0.0], [337.0399192668725, 188.21766175233154], [0.0, 376.4353235046631], [0.0, 0.0]]","[[140.8613679152823, -184.16653225923037], [140.8613679152823, 48.371185941743846], [140.8613679152823, 192.2687912454327], [140.8613679152823, 424.80650944640695], [-111.8953351346237, 668.4729208458117], [-448.9352544014962, 480.2552590934803], [-448.9352544014962, 4.051129493101342], [-111.8953351346237, -184.16653225923037]]"
"[[0.0, 0.0], [252.756703049906, 0.0], [252.756703049906, 232.5377182009742], [0.0, 476.20412960037896]]","[[0.0, 0.0], [241.80126582663118, 118.72539239498482], [0.0, 237.45078478996965], [0.0, 0.0]]","[[140.8613679152823, -184.16653225923037], [140.8613679152823, 48.371185941743846], [140.8613679152823, 53.28425253073928], [140.8613679152823, 285.82197073171346], [-111.8953351346237, 529.4883821311182], [-353.6966009612549, 410.76298973613336], [-353.6966009612549, -65.44113986424557], [-111.8953351346237, -184.16653225923037]]"
"[[0.0, 0.0], [252.756703049906, 0.0], [252.756703049906, 232.5377182009742], [0.0, 476.20412960037896]]","[[0.0, 0.0], [123.18709302404858, 0.0], [123.18709302404858, 326.9913592508945], [0.0, 326.9913592508945]]","[[11.291757889424872, -184.16653225923037], [140.8613679152823, -184.16653225923037], [264.0484609393309, -184.16653225923037], [264.0484609393309, 48.371185941743846], [264.0484609393309, 142.82482699166414], [264.0484609393309, 375.3625451926383], [11.291757889424844, 619.0289565920431], [-111.8953351346237, 619.0289565920431], [-111.8953351346237, 292.0375973411486], [-111.8953351346237, 142.82482699166414], [-111.8953351346237, -184.16653225923037]]"
"[[0.0, 0.0], [252.756703049906, 0.0], [252.756703049906, 232.5377182009742], [0.0, 476.20412960037896]]","[[0.0, 0.0], [64.31393234477781, 0.0], [64.31393234477781, 45.41153521263236], [0.0, 45.41153521263236]]","[[-47.581402789845896, -184.16653225923037], [140.8613679152823, -184.16653225923037], [205.17530026006008, -184.16653225923037], [205.17530026006008, -138.75499704659802], [205.17530026006008, 48.371185941743846], [205.17530026006008, 93.78272115437622], [-47.581402789845924, 337.44913255378094], [-111.8953351346237, 337.44913255378094], [-111.8953351346237, 292.0375973411486], [-111.8953351346237, -138.754997046598], [-111.8953351346237, -184.16653225923037]]"
"[[0.0, 0.0], [252.756703049906, 0.0], [252.756703049906, 232.5377182009742], [0.0, 476.20412960037896]]","[[0.0, 0.0], [252.756703049906, 0.0], [252.756703049906, 232.5377182009742], [0.0, 476.20412960037896]]","[[140.8613679152823, -184.16653225923037], [140.8613679152823, 48.371185941743846], [140.8613679152823, 292.0375973411486], [140.8613679152823, 524.5753155421228], [-111.8953351346237, 768.2417269415275], [-364.6520381845297, 768.2417269415275], [-364.6520381845297, 535.7040087405534], [-364.6520381845297, 292.0375973411486], [-364.6520381845297, 59.49987914017444], [-111.8953351346237, -184.16653225923037]]"
"[[0.0, 0.0], [252.756703049906, 0.0], [252.756703049906, 232.5377182009742], [0.0, 476.20412960037896]]","[[0.0, 0.0], [255.65469368602092, 0.0], [255.65469368602092, 354.62670600730644], [0.0, 340.29265048254507]]","[[140.8613679152823, -184.16653225923037], [396.51606160130325, -169.832476734469], [396.51606160130325, 62.705241466505214], [396.51606160130325, 170.46017374807607], [396.51606160130325, 402.9978919490503], [143.7593585513972, 646.6643033484551], [-111.8953351346237, 646.6643033484551], [-111.8953351346237, 292.0375973411486], [-111.8953351346237, 170.46017374807613], [-111.8953351346237, -184.16653225923037]]"
"[[0.0, 0.0], [252.756703049906, 0.0], [252.756703049906, 232.5377182009742], [0.0, 476.20412960037896]]","[[0.0, 0.0], [393.08108381474256, 0.0], [393.08108381474256, 368.26211650545287], [0.0, 460.123708132171]]","[[140.8613679152823, -184.16653225923037], [140.8613679152823, 48.371185941743846], [140.8613679152823, 275.95717587294064], [140.8613679152823, 508.4948940739148], [-111.8953351346237, 752.1613054733195], [-504.97641894936623, 752.1613054733195], [-504.97641894936623, 383.89918896786673], [-504.97641894936623, 275.95717587294064], [-504.97641894936623, -92.3049406325122], [-111.8953351346237, -184.16653225923037]]"
"[[0.0, 0.0], [252.756703049906, 0.0], [252.756703049906, 232.5377182009742], [0.0, 476.20412960037896]]","[[0.0, 0.0], [132.6056510207341, 0.0], [132.6056510207341, 336.2359966603662], [0.0, 336.2359966603662]]","[[20.71031588611038, -184.16653225923037], [140.8613679152823, -184.16653225923037], [273.4670189360164, -184.16653225923037], [273.4670189360164, 48.371185941743846], [273.4670189360164, 152.06946440113583], [273.4670189360164, 384.60718260211], [20.71031588611038, 628.2735940015148], [-111.8953351346237, 628.2735940015148], [-111.8953351346237, 292.0375973411486], [-111.8953351346237, 152.06946440113583], [-111.8953351346237, -184.16653225923037]]"
"[[0.0, 0.0], [255.65469368602092, 0.0], [255.65469368602092, 354.62670600730644], [0.0, 340.29265048254507]]","[[0.0, 0.0], [303.20127185762436, 346.32199515408934], [0.0, 346.32199515408934], [0.0, 0.0]]","[[126.94845143828042, -173.75447809026394], [174.49502960988386, -173.75447809026394], [430.1497232959048, -173.75447809026394], [430.1497232959048, 172.5675170638254], [430.1497232959048, 180.8722279170425], [430.1497232959048, 527.1942230711318], [174.49502960988391, 512.8601675463703], [-128.7062422477405, 166.53817239228113], [-128.7062422477405, -173.75447809026394]]"
"[[0.0, 0.0], [255.65469368602092, 0.0], [255.65469368602092, 354.62670600730644], [0.0, 340.29265048254507]]","[[0.0, 0.0], [116.79562042962078, 0.0], [116.79562042962078, 442.6654754272481], [0.0, 442.6654754272481]]","[[-11.910621818119722, -173.75447809026394], [126.94845143828042, -173.75447809026394], [243.74407186790123, -173.75447809026394], [243.74407186790123, 180.8722279170425], [243.74407186790123, 268.91099733698417], [243.74407186790123, 623.5377033442905], [126.94845143828042, 623.5377033442905], [-128.7062422477405, 609.2036478195291], [-128.7062422477405, 268.9109973369841], [-128.7062422477405, 166.53817239228113], [-128.7062422477405, -173.75447809026394]]"
"[[0.0, 0.0], [255.65469368602092, 0.0], [255.65469368602092, 354.62670600730644], [0.0, 340.29265048254507]]","[[0.0, 0.0], [337.0399192668725, 188.21766175233154], [0.0, 376.4353235046631], [0.0, 0.0]]","[[126.94845143828042, -173.75447809026394], [126.94845143828042, 180.8722279170425], [126.94845143828042, 202.68084541439913], [126.94845143828042, 557.3075514217055], [-128.7062422477405, 542.9734958969441], [-465.74616151461305, 354.7558341446125], [-465.74616151461305, 14.463183662067422], [-128.7062422477405, -173.75447809026394]]"
"[[0.0, 0.0], [255.65469368602092, 0.0], [255.65469368602092, 354.62670600730644], [0.0, 340.29265048254507]]","[[0.0, 0.0], [241.80126582663118, 118.72539239498482], [0.0, 237.45078478996965], [0.0, 0.0]]","[[126.94845143828042, -173.75447809026394], [126.94845143828042, 63.6963066997057], [126.94845143828042, 180.8722279170425], [126.94845143828042, 418.3230127070122], [-128.7062422477405, 403.9889571822508], [-370.5075080743717, 285.2635647872659], [-370.5075080743717, -55.02908569527915], [-128.7062422477405, -173.75447809026394]]"
"[[0.0, 0.0], [255.65469368602092, 0.0], [255.65469368602092, 354.62670600730644], [0.0, 340.29265048254507]]","[[0.0, 0.0], [123.18709302404858, 0.0], [123.18709302404858, 326.9913592508945], [0.0, 326.9913592508945]]","[[-5.519149223691926, -173.75447809026394], [126.94845143828042, -173.75447809026394], [250.13554446232902, -173.75447809026394], [250.13554446232902, 153.23688116063056], [250.13554446232902, 180.8722279170425], [250.13554446232902, 507.86358716793694], [126.94845143828042, 507.86358716793694], [-128.7062422477405, 493.5295316431755], [-128.7062422477405, 166.53817239228113], [-128.7062422477405, 153.23688116063045], [-128.7062422477405, -173.75447809026394]]"
"[[0.0, 0.0], [255.65469368602092, 0.0], [255.65469368602092, 354.62670600730644], [0.0, 340.29265048254507]]","[[0.0, 0.0], [64.31393234477781, 0.0], [64.31393234477781, 45.41153521263236], [0.0, 45.41153521263236]]","[[-64.3923099029627, -173.75447809026394], [126.94845143828042, -173.75447809026394], [191.26238378305825, -173.75447809026394], [191.26238378305825, -128.34294287763157], [191.26238378305825, 180.8722279170425], [191.26238378305825, 226.28376312967487], [126.94845143828042, 226.28376312967487], [-128.7062422477405, 211.9497076049135], [-128.7062422477405, 166.53817239228113], [-128.7062422477405, -128.34294287763157], [-128.7062422477405, -173.75447809026394]]"
"[[0.0, 0.0], [255.65469368602092, 0.0], [255.65469368602092, 354.62670600730644], [0.0, 340.29265048254507]]","[[0.0, 0.0], [252.756703049906, 0.0], [252.756703049906, 232.5377182009742], [0.0, 476.20412960037896]]","[[126.94845143828042, -173.75447809026394], [126.94845143828042, 180.8722279170425], [126.94845143828042, 302.449651510115], [126.94845143828042, 657.0763575174215], [-125.8082516116256, 657.0763575174215], [-381.4629452976465, 642.74230199266], [-381.4629452976465, 410.2045837916858], [-381.4629452976465, 302.44965151011496], [-381.4629452976465, 69.91193330914075], [-128.7062422477405, -173.75447809026394]]"
"[[0.0, 0.0], [255.65469368602092, 0.0], [255.65469368602092, 354.62670600730644], [0.0, 340.29265048254507]]","[[0.0, 0.0], [255.65469368602092, 0.0], [255.65469368602092, 354.62670600730644], [0.0, 340.29265048254507]]","[[126.94845143828042, -173.75447809026394], [382.60314512430136, -159.42042256550258], [382.60314512430136, 180.8722279170425], [382.60314512430136, 195.20628344180386], [382.60314512430136, 535.4989339243489], [126.94845143828042, 535.4989339243489], [-128.7062422477405, 521.1648783995875], [-128.7062422477405, 180.87222791704244], [-128.7062422477405, 166.53817239228113], [-128.7062422477405, -173.75447809026394]]"
"[[0.0, 0.0], [255.65469368602092, 0.0], [255.65469368602092, 354.62670600730644], [0.0, 340.29265048254507]]","[[0.0, 0.0], [393.08108381474256, 0.0], [393.08108381474256, 368.26211650545287], [0.0, 460.123708132171]]","[[126.94845143828042, -173.75447809026394], [126.94845143828042, 180.8722279170425], [126.94845143828042, 286.36923004190703], [126.94845143828042, 640.9959360492135], [-266.13263237646214, 640.9959360492135], [-521.7873260624831, 626.661880524452], [-521.7873260624831, 258.39976401899924], [-521.7873260624831, -81.89288646354584], [-128.7062422477405, -173.75447809026394]]"
"[[0.0, 0.0], [255.65469368602092, 0.0], [255.65469368602092, 354.62670600730644], [0.0, 340.29265048254507]]","[[0.0, 0.0], [132.6056510207341, 0.0], [132.6056510207341, 336.2359966603662], [0.0, 336.2359966603662]]","[[3.8994087729935814, -173.75447809026394], [126.94845143828042, -173.75447809026394], [259.55410245901453, -173.75447809026394], [259.55410245901453, 162.48151857010225], [259.55410245901453, 180.8722279170425], [259.55410245901453, 517.1082245774087], [126.94845143828042, 517.1082245774087], [-128.7062422477405, 502.7741690526473], [-128.7062422477405, 166.53817239228113], [-128.7062422477405, 162.48151857010225], [-128.7062422477405, -173.75447809026394]]"
"[[0.0, 0.0], [393.08108381474256, 0.0], [393.08108381474256, 368.26211650545287], [0.0, 460.123708132171]]","[[0.0, 0.0], [303.20127185762436, 346.32199515408934], [0.0, 346.32199515408934], [0.0, 0.0]]","[[113.92567279122406, -207.94535126009623], [203.80548474834225, -207.94535126009623], [507.00675660596664, -207.94535126009623], [507.00675660596664, 138.3766438939931], [507.00675660596664, 160.31676524535663], [507.00675660596664, 506.638760399446], [113.92567279122412, 598.5003520261641], [-189.2755990664003, 252.17835687207474], [-189.2755990664003, -207.94535126009623]]"
"[[0.0, 0.0], [393.08108381474256, 0.0], [393.08108381474256, 368.26211650545287], [0.0, 460.123708132171]]","[[0.0, 0.0], [116.79562042962078, 0.0], [116.79562042962078, 442.6654754272481], [0.0, 442.6654754272481]]","[[-72.47997863677952, -207.94535126009623], [203.80548474834225, -207.94535126009623], [320.60110517796306, -207.94535126009623], [320.60110517796306, 160.31676524535663], [320.60110517796306, 234.72012416715188], [320.60110517796306, 602.9822406726048], [-72.47997863677952, 694.8438322993229], [-189.2755990664003, 694.8438322993229], [-189.2755990664003, 252.17835687207474], [-189.2755990664003, 234.72012416715194], [-189.2755990664003, -207.94535126009623]]"
"[[0.0, 0.0], [393.08108381474256, 0.0], [393.08108381474256, 368.26211650545287], [0.0, 460.123708132171]]","[[0.0, 0.0], [337.0399192668725, 188.21766175233154], [0.0, 376.4353235046631], [0.0, 0.0]]","[[203.80548474834225, -207.94535126009623], [203.80548474834225, 160.31676524535663], [203.80548474834225, 168.48997224456684], [203.80548474834225, 536.7520887500198], [-189.2755990664003, 628.6136803767379], [-526.3155183332728, 440.39601862440645], [-526.3155183332728, -19.727689507764524], [-189.2755990664003, -207.94535126009623]]"
"[[0.0, 0.0], [393.08108381474256, 0.0], [393.08108381474256, 368.26211650545287], [0.0, 460.123708132171]]","[[0.0, 0.0], [241.80126582663118, 118.72539239498482], [0.0, 237.45078478996965], [0.0, 0.0]]","[[203.80548474834225, -207.94535126009623], [203.80548474834225, 29.505433529873414], [203.80548474834225, 160.31676524535663], [203.80548474834225, 397.7675500353263], [-189.2755990664003, 489.6291416620444], [-431.0768648930315, 370.90374926705954], [-431.0768648930315, -89.21995886511144], [-189.2755990664003, -207.94535126009623]]"
"[[0.0, 0.0], [393.08108381474256, 0.0], [393.08108381474256, 368.26211650545287], [0.0, 460.123708132171]]","[[0.0, 0.0], [123.18709302404858, 0.0], [123.18709302404858, 326.9913592508945], [0.0, 326.9913592508945]]","[[-66.08850604235172, -207.94535126009623], [203.80548474834225, -207.94535126009623], [326.99257777239075, -207.94535126009623], [326.99257777239075, 119.04600799079827], [326.99257777239075, 160.31676524535663], [326.99257777239075, 487.30812449625114], [-66.08850604235178, 579.1697161229692], [-189.2755990664003, 579.1697161229692], [-189.2755990664003, 252.17835687207474], [-189.2755990664003, 119.04600799079827], [-189.2755990664003, -207.94535126009623]]"
"[[0.0, 0.0], [393.08108381474256, 0.0], [393.08108381474256, 368.26211650545287], [0.0, 460.123708132171]]","[[0.0, 0.0], [64.31393234477781, 0.0], [64.31393234477781, 45.41153521263236], [0.0, 45.41153521263236]]","[[-124.96166672162249, -207.94535126009623], [203.80548474834225, -207.94535126009623], [268.1194170931201, -207.94535126009623], [268.1194170931201, -162.53381604746386], [268.1194170931201, 160.31676524535663], [268.1194170931201, 205.728300457989], [-124.96166672162249, 297.5898920847071], [-189.2755990664003, 297.5898920847071], [-189.2755990664003, 252.17835687207474], [-189.2755990664003, -162.53381604746386], [-189.2755990664003, -207.94535126009623]]"
"[[0.0, 0.0], [393.08108381474256, 0.0], [393.08108381474256, 368.26211650545287], [0.0, 460.123708132171]]","[[0.0, 0.0], [252.756703049906, 0.0], [252.756703049906, 232.5377182009742], [0.0, 476.20412960037896]]","[[203.80548474834225, -207.94535126009623], [203.80548474834225, 160.31676524535663], [203.80548474834225, 268.25877834028273], [203.80548474834225, 636.5208948457356], [-189.2755990664003, 728.3824864724537], [-442.03230211630637, 728.3824864724537], [-442.03230211630637, 495.84476827147955], [-442.03230211630637, 268.2587783402828], [-442.03230211630637, 35.72106013930858], [-189.2755990664003, -207.94535126009623]]"
"[[0.0, 0.0], [393.08108381474256, 0.0], [393.08108381474256, 368.26211650545287], [0.0, 460.123708132171]]","[[0.0, 0.0], [255.65469368602092, 0.0], [255.65469368602092, 354.62670600730644], [0.0, 340.29265048254507]]","[[203.80548474834225, -207.94535126009623], [459.4601784343631, -193.61129573533486], [459.4601784343631, 146.6813547472102], [459.4601784343631, 174.650820770118], [459.4601784343631, 514.9434712526631], [66.37909461962059, 606.8050628793812], [-189.2755990664003, 606.8050628793812], [-189.2755990664003, 252.17835687207474], [-189.2755990664003, 146.68135474721026], [-189.2755990664003, -207.94535126009623]]"
"[[0.0, 0.0], [393.08108381474256, 0.0], [393.08108381474256, 368.26211650545287], [0.0, 460.123708132171]]","[[0.0, 0.0], [393.08108381474256, 0.0], [393.08108381474256, 368.26211650545287], [0.0, 460.123708132171]]","[[203.80548474834225, -207.94535126009623], [203.80548474834225, 160.31676524535663], [203.80548474834225, 252.17835687207474], [203.80548474834225, 620.4404733775276], [-189.2755990664003, 712.3020650042457], [-582.3566828811429, 712.3020650042457], [-582.3566828811429, 344.0399484987929], [-582.3566828811429, 252.1783568720748], [-582.3566828811429, -116.08375963337807], [-189.2755990664003, -207.94535126009623]]"
"[[0.0, 0.0], [393.08108381474256, 0.0], [393.08108381474256, 368.26211650545287], [0.0, 460.123708132171]]","[[0.0, 0.0], [132.6056510207341, 0.0], [132.6056510207341, 336.2359966603662], [0.0, 336.2359966603662]]","[[-56.66994804566622, -207.94535126009623], [203.80548474834225, -207.94535126009623], [336.4111357690763, -207.94535126009623], [336.4111357690763, 128.29064540026997], [336.4111357690763, 160.31676524535663], [336.4111357690763, 496.55276190572283], [-56.669948045666246, 588.4143535324409], [-189.2755990664003, 588.4143535324409], [-189.2755990664003, 252.17835687207474], [-189.2755990664003, 128.29064540026997], [-189.2755990664003, -207.94535126009623]]"
"[[0.0, 0.0], [132.6056510207341, 0.0], [132.6056510207341, 336.2359966603662], [0.0, 336.2359966603662]]","[[0.0, 0.0], [303.20127185762436, 346.32199515408934], [0.0, 346.32199515408934], [0.0, 0.0]]","[[66.30282551036704, -168.11799833018307], [236.89844634725733, -168.11799833018307], [369.50409736799145, -168.11799833018307], [369.50409736799145, 168.11799833018313], [369.50409736799145, 178.20399682390627], [369.50409736799145, 514.4399934842725], [236.8984463472574, 514.4399934842725], [-66.30282551036704, 168.11799833018313], [-66.30282551036704, -168.11799833018307]]"
"[[0.0, 0.0], [132.6056510207341, 0.0], [132.6056510207341, 336.2359966603662], [0.0, 336.2359966603662]]","[[0.0, 0.0], [116.79562042962078, 0.0], [116.79562042962078, 442.6654754272481], [0.0, 442.6654754272481]]","[[50.49279491925374, -168.11799833018307], [66.30282551036704, -168.11799833018307], [183.0984459399878, -168.11799833018307], [183.0984459399878, 168.11799833018313], [183.0984459399878, 274.54747709706504], [183.0984459399878, 610.7834737574312], [66.30282551036704, 610.7834737574312], [50.49279491925374, 610.7834737574312], [-66.30282551036704, 610.7834737574312], [-66.30282551036704, 274.5474770970651], [-66.30282551036704, 168.11799833018313], [-66.30282551036704, -168.11799833018307]]"
"[[0.0, 0.0], [132.6056510207341, 0.0], [132.6056510207341, 336.2359966603662], [0.0, 336.2359966603662]]","[[0.0, 0.0], [337.0399192668725, 188.21766175233154], [0.0, 376.4353235046631], [0.0, 0.0]]","[[66.30282551036704, -168.11799833018307], [66.30282551036704, 168.11799833018313], [66.30282551036704, 208.31732517448], [66.30282551036704, 544.5533218348462], [-66.30282551036704, 544.5533218348462], [-403.34274477723955, 356.33566008251483], [-403.34274477723955, 20.099663422148637], [-66.30282551036704, -168.11799833018307]]"
"[[0.0, 0.0], [132.6056510207341, 0.0], [132.6056510207341, 336.2359966603662], [0.0, 336.2359966603662]]","[[0.0, 0.0], [241.80126582663118, 118.72539239498482], [0.0, 237.45078478996965], [0.0, 0.0]]","[[66.30282551036704, -168.11799833018307], [66.30282551036704, 69.33278645978658], [66.30282551036704, 168.11799833018313], [66.30282551036704, 405.5687831201528], [-66.30282551036704, 405.5687831201528], [-308.10409133699824, 286.843390725168], [-308.10409133699824, -49.39260593519822], [-66.30282551036704, -168.11799833018307]]"
"[[0.0, 0.0], [132.6056510207341, 0.0], [132.6056510207341, 336.2359966603662], [0.0, 336.2359966603662]]","[[0.0, 0.0], [123.18709302404858, 0.0], [123.18709302404858, 326.9913592508945], [0.0, 326.9913592508945]]","[[56.884267513681536, -168.11799833018307], [66.30282551036704, -168.11799833018307], [189.4899185344156, -168.11799833018307], [189.4899185344156, 158.87336092071143], [189.4899185344156, 168.11799833018313], [189.4899185344156, 495.10935758107763], [66.30282551036704, 495.10935758107763], [56.884267513681536, 495.10935758107763], [-66.30282551036704, 495.10935758107763], [-66.30282551036704, 168.11799833018313], [-66.30282551036704, 158.87336092071143], [-66.30282551036704, -168.11799833018307]]"
"[[0.0, 0.0], [132.6056510207341, 0.0], [132.6056510207341, 336.2359966603662], [0.0, 336.2359966603662]]","[[0.0, 0.0], [64.31393234477781, 0.0], [64.31393234477781, 45.41153521263236], [0.0, 45.41153521263236]]","[[-1.9888931655892321, -168.11799833018307], [66.30282551036704, -168.11799833018307], [130.61675785514484, -168.11799833018307], [130.61675785514484, -122.70646311755071], [130.61675785514484, 168.11799833018313], [130.61675785514484, 213.5295335428155], [66.30282551036704, 213.5295335428155], [-1.9888931655892321, 213.5295335428155], [-66.30282551036704, 213.5295335428155], [-66.30282551036704, 168.11799833018313], [-66.30282551036704, -122.7064631175507], [-66.30282551036704, -168.11799833018307]]"
"[[0.0, 0.0], [132.6056510207341, 0.0], [132.6056510207341, 336.2359966603662], [0.0, 336.2359966603662]]","[[0.0, 0.0], [252.756703049906, 0.0], [252.756703049906, 232.5377182009742], [0.0, 476.20412960037896]]","[[66.30282551036704, -168.11799833018307], [66.30282551036704, 168.11799833018313], [66.30282551036704, 308.0861312701959], [66.30282551036704, 644.3221279305621], [-66.30282551036704, 644.3221279305621], [-186.45387753953895, 644.3221279305621], [-319.05952856027307, 644.3221279305621], [-319.05952856027307, 411.78440972958794], [-319.05952856027307, 308.08613127019595], [-319.05952856027307, 75.54841306922174], [-66.30282551036704, -168.11799833018307]]"
"[[0.0, 0.0], [132.6056510207341, 0.0], [132.6056510207341, 336.2359966603662], [0.0, 336.2359966603662]]","[[0.0, 0.0], [255.65469368602092, 0.0], [255.65469368602092, 354.62670600730644], [0.0, 340.29265048254507]]","[[66.30282551036704, -168.11799833018307], [321.957519196388, -153.7839428054217], [321.957519196388, 182.4520538549445], [321.957519196388, 186.50870767712337], [321.957519196388, 522.7447043374896], [189.35186817565386, 522.7447043374896], [66.30282551036704, 522.7447043374896], [-66.30282551036704, 522.7447043374896], [-66.30282551036704, 186.50870767712343], [-66.30282551036704, 168.11799833018313], [-66.30282551036704, -168.11799833018307]]"
"[[0.0, 0.0], [132.6056510207341, 0.0], [132.6056510207341, 336.2359966603662], [0.0, 336.2359966603662]]","[[0.0, 0.0], [393.08108381474256, 0.0], [393.08108381474256, 368.26211650545287], [0.0, 460.123708132171]]","[[66.30282551036704, -168.11799833018307], [66.30282551036704, 168.11799833018313], [66.30282551036704, 292.0057098019879], [66.30282551036704, 628.2417064623542], [-66.30282551036704, 628.2417064623542], [-326.7782583043755, 628.2417064623542], [-459.3839093251096, 628.2417064623542], [-459.3839093251096, 259.97958995690124], [-459.3839093251096, -76.25640670346496], [-66.30282551036704, -168.11799833018307]]"
"[[0.0, 0.0], [132.6056510207341, 0.0], [132.6056510207341, 336.2359966603662], [0.0, 336.2359966603662]]","[[0.0, 0.0], [132.6056510207341, 0.0], [132.6056510207341, 336.2359966603662], [0.0, 336.2359966603662]]","[[66.30282551036704, -168.11799833018307], [198.90847653110114, -168.11799833018307], [198.90847653110114, 168.11799833018313], [198.90847653110114, 504.3539949905493], [66.30282551036704, 504.3539949905493], [-66.30282551036704, 504.3539949905493], [-66.30282551036704, 168.11799833018313], [-66.30282551036704, -168.11799833018307]]"
