index,set_name,allow_rotation,descript,width,total_area,types_num,polys_type,orientation,polys
0,"fu","[0,1,2,3]","Fu的0.871利用率",760,433200,12,"[0, 1, 2, 3, 4, 5, 6, 7, 8, 9, 10, 11]","[0, 0, 3, 2, 3, 0, 0, 1, 3, 0, 2, 1]","[[[248.4696758857143, 560.0], [448.4696758857143, 560.0], [448.4696758857143, 760.0], [248.4696758857143, 760.0], [248.4696758857143, 560.0]], [[434.2857142857142, 285.67358464000006], [634.2857142857142, 285.67358464000006], [634.2857142857142, 485.67358464000006], [434.2857142857142, 485.67358464000006], [434.2857142857142, 285.67358464000006]], [[0.0, 560.0], [0.0, 280.0], [180.0, 280.0], [180.0, 560.0], [0.0, 560.0]], [[554.3264153599999, 285.67358464000006], [274.32641535999994, 285.67358464000006], [414.32641535999994, 145.67358464000006], [554.3264153599999, 285.67358464000006]], [[234.28571428571428, 760.0], [54.28571428571428, 760.0], [234.28571428571428, 480.0], [234.28571428571428, 760.0]], [[0.0, 0.0], [280.0, 0.0], [280.0, 280.0], [0.0, 280.0], [0.0, 0.0]], [[448.4696758857143, 580.0], [648.4696758857143, 660.0], [648.4696758857143, 760.0], [448.4696758857143, 760.0], [448.4696758857143, 580.0]], [[642.6536374857145, 485.67358464000006], [642.6536374857145, 585.6735846400001], [462.6536374857145, 585.6735846400001], [462.6536374857145, 485.67358464000006], [642.6536374857145, 485.67358464000006]], [[280.0, 280.0], [280.0, 0.0], [560.0, 0.0], [280.0, 280.0]], [[234.28571428571428, 285.67358464000006], [434.2857142857143, 285.67358464000006], [434.2857142857143, 485.67358464000006], [234.28571428571428, 565.6735846400001], [234.28571428571428, 285.67358464000006]], [[160.0, 560.0], [80.0, 720.0], [0.0, 560.0], [160.0, 560.0]], [[654.3264153599999, 5.673584640000058], [654.3264153599999, 285.67358464000006], [414.32641535999994, 145.67358464000006], [654.3264153599999, 5.673584640000058]]]"
1,"fu","[0,1,2,3]","Fu的初步计算结果",760,433200.0,12,"[0, 1, 2, 3, 4, 5, 6, 7, 8, 9, 10, 11]","[0, 0, 0, 0, 0, 0, 0, 0, 0, 0, 0, 0]","[[[0.0, 0.0], [200.0, 0.0], [200.0, 200.0], [0.0, 200.0]], [[0.0, 200.0], [200.0, 200.0], [200.0, 400.0], [0.0, 400.0]], [[0.0, 400.0], [280.0, 400.0], [280.0, 580.0], [0.0, 580.0]], [[0.0, 580.0], [280.0, 580.0], [140.0, 720.0]], [[200.0, 180.0], [200.0, 0.0], [480.0, 180.0]], [[280.0, 180.0], [560.0, 180.0], [560.0, 460.0], [280.0, 460.0]], [[280.0, 460.0], [480.0, 540.0], [480.0, 640.0], [280.0, 640.0]], [[480.0, 460.0], [580.0, 460.0], [580.0, 640.0], [480.0, 640.0]], [[380.0, 0.0], [660.0, 0.0], [660.0, 280.0]], [[580.0, 280.0], [780.0, 280.0], [780.0, 480.0], [580.0, 560.0]], [[520.0, 760.0], [600.0, 600.0], [680.0, 760.0]], [[660.0, 0.0], [940.0, 0.0], [800.0, 240.0]]]"
2,"fu","[0,1,2,3]","Fu的0.62计算结果",760,433200,12,"[0, 1, 2, 3, 4, 5, 6, 7, 8, 9, 10, 11]","[0, 0, 0, 0, 0, 0, 0, 0, 1, 0, 0, 0]","[[[0.0, 0.0], [200.0, 0.0], [200.0, 200.0], [0.0, 200.0]], [[0.0, 200.0], [200.0, 200.0], [200.0, 400.0], [0.0, 400.0]], [[0.0, 400.0], [280.0, 400.0], [280.0, 580.0], [0.0, 580.0]], [[0.0, 580.0], [280.0, 580.0], [140.0, 720.0]], [[200.0, 180.0], [200.0, 0.0], [480.0, 180.0]], [[280.0, 180.0], [560.0, 180.0], [560.0, 460.0], [280.0, 460.0]], [[280.0, 460.0], [480.0, 540.0], [480.0, 640.0], [280.0, 640.0]], [[480.0, 460.0], [580.0, 460.0], [580.0, 640.0], [480.0, 640.0]], [[900.0, 360.0], [900.0, 640.0], [620.0, 640.0], [900.0, 360.0]], [[580.0, 280.0], [780.0, 280.0], [780.0, 480.0], [580.0, 560.0]], [[520.0, 760.0], [600.0, 600.0], [680.0, 760.0]], [[622.4, 0.0], [902.4, 0.0], [762.4, 240.0]]]"
3,"fu","[0,1,2,3]","Fu的0.63计算结果",760,433200,12,"[0, 1, 2, 3, 4, 5, 6, 7, 8, 9, 10, 11]","[0, 0, 0, 0, 0, 0, 0, 0, 1, 0, 0, 0]","[[[0.0, 0.0], [200.0, 0.0], [200.0, 200.0], [0.0, 200.0]], [[0.0, 200.0], [200.0, 200.0], [200.0, 400.0], [0.0, 400.0]], [[0.0, 400.0], [280.0, 400.0], [280.0, 580.0], [0.0, 580.0]], [[0.0, 580.0], [280.0, 580.0], [140.0, 720.0]], [[200.0, 180.0], [200.0, 0.0], [480.0, 180.0]], [[280.0, 180.0], [560.0, 180.0], [560.0, 460.0], [280.0, 460.0]], [[280.0, 460.0], [480.0, 540.0], [480.0, 640.0], [280.0, 640.0]], [[480.0, 460.0], [580.0, 460.0], [580.0, 640.0], [480.0, 640.0]], [[866.304, 360.0], [866.304, 640.0], [586.304, 640.0], [866.304, 360.0]], [[586.304, 240.0], [786.304, 240.0], [786.304, 440.0], [586.304, 520.0], [586.304, 240.0]], [[480.0, 180.0], [560.0, 20.0], [640.0, 180.0], [480.0, 180.0]], [[586.304, 0.0], [866.304, 0.0], [726.304, 240.0]]]"
4,"fu","[0,1,2,3]","Fu的0.68计算结果",760,433200,12,"[0, 1, 2, 3, 4, 5, 6, 7, 8, 9, 10, 11]","[0, 0, 0, 0, 0, 0, 0, 0, 1, 0, 0, 1]","[[[0.0, 0.0], [200.0, 0.0], [200.0, 200.0], [0.0, 200.0]], [[0.0, 200.0], [200.0, 200.0], [200.0, 400.0], [0.0, 400.0]], [[0.0, 400.0], [280.0, 400.0], [280.0, 580.0], [0.0, 580.0]], [[0.0, 580.0], [280.0, 580.0], [140.0, 720.0]], [[200.0, 180.0], [200.0, 0.0], [480.0, 180.0]], [[280.0, 180.0], [560.0, 180.0], [560.0, 460.0], [280.0, 460.0]], [[280.0, 460.0], [480.0, 540.0], [480.0, 640.0], [280.0, 640.0]], [[526.304, 0.0], [626.304, 0.0], [626.304, 180.0], [526.304, 180.0], [526.304, 0.0]], [[831.65184, 320.0], [831.65184, 600.0], [551.65184, 600.0], [831.65184, 320.0]], [[565.2513684210526, 221.05263157894734], [765.2513684210526, 221.05263157894734], [765.2513684210526, 421.05263157894734], [565.2513684210526, 501.05263157894734], [565.2513684210526, 221.05263157894734]], [[520.0, 760.0], [600.0, 600.0], [680.0, 760.0]], [[831.65184, 0.0], [831.65184, 280.0], [591.65184, 140.0], [831.65184, 0.0]]]"
5,"fu","[0,1,2,3]","Fu的0.80计算结果",760,433200,12,"[0, 1, 2, 3, 4, 5, 6, 7, 8, 9, 10, 11]","[0, 0, 0, 0, 2, 3, 2, 1, 1, 0, 1, 2]","[[[0.0, 0.0], [200.0, 0.0], [200.0, 200.0], [0.0, 200.0]], [[0.0, 200.0], [200.0, 200.0], [200.0, 400.0], [0.0, 400.0]], [[0.0, 400.0], [280.0, 400.0], [280.0, 580.0], [0.0, 580.0]], [[0.0, 580.0], [280.0, 580.0], [140.0, 720.0]], [[706.3606294216704, 0.0], [706.3606294216704, 180.0], [426.3606294216704, 0.0], [706.3606294216704, 0.0]], [[200.0, 396.18848347136], [200.0, 116.18848347135997], [480.0, 116.18848347135997], [480.0, 396.18848347136], [200.0, 396.18848347136]], [[480.0, 576.18848347136], [280.0, 496.18848347136], [280.0, 396.18848347136], [480.0, 396.18848347136], [480.0, 576.18848347136]], [[380.9744077141333, 16.188483471359973], [380.9744077141333, 116.18848347135997], [200.9744077141333, 116.18848347135997], [200.9744077141333, 16.188483471359973], [380.9744077141333, 16.188483471359973]], [[706.3606294216704, 320.39616115712], [706.3606294216704, 600.39616115712], [426.3606294216704, 600.39616115712], [706.3606294216704, 320.39616115712]], [[480.0, 176.18848347135997], [680.0, 176.18848347135997], [680.0, 376.18848347136], [480.0, 456.18848347136], [480.0, 176.18848347135997]], [[455.0, 600.0], [615.0, 680.0], [455.0, 760.0], [455.0, 600.0]], [[455.0, 760.0], [175.0, 760.0], [315.0, 520.0], [455.0, 760.0]]]"
6,"fu","[0,1,2,3]","Fu的0.85计算结果",760,433200,12,"[0, 1, 2, 3, 4, 5, 6, 7, 8, 9, 10, 11]","[3, 0, 0, 3, 0, 3, 1, 3, 0, 3, 3, 1]","[[[0.0, 200.0], [0.0, 0.0], [200.0, 0.0], [200.0, 200.0], [0.0, 200.0]], [[0.0, 200.0], [200.0, 200.0], [200.0, 400.0], [0.0, 400.0], [0.0, 200.0]], [[200.0, 380.0], [480.0, 380.0], [480.0, 560.0], [200.0, 560.0], [200.0, 380.0]], [[480.0, 368.67485779764445], [480.0, 88.67485779764445], [620.0, 228.67485779764445], [480.0, 368.67485779764445]], [[391.32514220235555, 748.3128555058888], [391.32514220235555, 568.3128555058888], [671.3251422023556, 748.3128555058888], [391.32514220235555, 748.3128555058888]], [[200.0, 380.0], [200.0, 100.0], [480.0, 100.0], [480.0, 380.0], [200.0, 380.0]], [[180.0, 400.0], [100.0, 600.0], [0.0, 600.0], [0.0, 400.0], [180.0, 400.0]], [[211.32514220235555, 100.0], [211.32514220235555, 0.0], [391.32514220235555, 0.0], [391.32514220235555, 100.0], [211.32514220235555, 100.0]], [[391.32514220235555, 0.0], [671.3251422023556, 0.0], [671.3251422023556, 280.0], [391.32514220235555, 0.0]], [[116.0, 760.0], [116.0, 560.0], [316.0, 560.0], [396.0, 760.0], [116.0, 760.0]], [[671.3251422023556, 440.0], [511.32514220235555, 360.0], [671.3251422023556, 280.0], [671.3251422023556, 440.0]], [[671.3251422023556, 454.0271412201745], [671.3251422023556, 734.0271412201745], [431.32514220235555, 594.0271412201745], [671.3251422023556, 454.0271412201745]]]"
7,"fu","[0,1,2,3]","Fu的0.88计算结果，不可行",760,433200,12,"[0, 1, 2, 3, 4, 5, 6, 7, 8, 9, 10, 11]","[0, 0, 1, 2, 2, 0, 1, 3, 1, 2, 3, 3]","[[[444.47213651426125, 185.47260652751925], [644.4721365142613, 185.47260652751925], [644.4721365142613, 385.47260652751925], [444.47213651426125, 385.47260652751925], [444.47213651426125, 185.47260652751925]], [[0.0, 280.0], [200.0, 280.0], [200.0, 480.0], [0.0, 480.0], [0.0, 280.0]], [[444.47213651426125, 385.47260652751925], [444.47213651426125, 665.4726065275192], [264.47213651426125, 665.4726065275192], [264.47213651426125, 385.47260652751925], [444.47213651426125, 385.47260652751925]], [[358.999529986742, 760.0], [78.999529986742, 760.0], [218.999529986742, 620.0], [358.999529986742, 760.0]], [[644.4721365142613, 0.0], [644.4721365142613, 180.0], [364.47213651426125, 0.0], [644.4721365142613, 0.0]], [[200.0, 105.47260652751925], [480.0, 105.47260652751925], [480.0, 385.47260652751925], [200.0, 385.47260652751925], [200.0, 105.47260652751925]], [[624.4721365142613, 385.47260652751925], [544.4721365142613, 585.4726065275192], [444.47213651426125, 585.4726065275192], [444.47213651426125, 385.47260652751925], [624.4721365142613, 385.47260652751925]], [[200.0, 105.47260652751925], [200.0, 5.472606527519247], [380.0, 5.472606527519247], [380.0, 105.47260652751925], [200.0, 105.47260652751925]], [[644.4721365142613, 480.0], [644.4721365142613, 760.0], [364.47213651426125, 760.0], [644.4721365142613, 480.0]], [[200.0, 285.47260652751925], [0.0, 285.47260652751925], [0.0, 85.47260652751925], [200.0, 5.472606527519247], [200.0, 285.47260652751925]], [[264.47213651426125, 620.942079633319], [104.47213651426125, 540.942079633319], [264.47213651426125, 460.94207963331905], [264.47213651426125, 620.942079633319]], [[0.0, 760.0], [0.0, 480.0], [240.0, 620.0], [0.0, 760.0]]]"
8,"fu","[0,1,2,3]","Fu的0.74计算结果，用于PD出现不变的情况",760,433200,12,"[0, 1, 2, 3, 4, 5, 6, 7, 8, 9, 10, 11]","[0, 0, 0, 0, 0, 0, 0, 0, 1, 2, 0, 0]","[[[0.0, 0.0], [200.0, 0.0], [200.0, 200.0], [0.0, 200.0]], [[0.0, 200.0], [200.0, 200.0], [200.0, 400.0], [0.0, 400.0]], [[0.0, 400.0], [280.0, 400.0], [280.0, 580.0], [0.0, 580.0]], [[0.0, 580.0], [280.0, 580.0], [140.0, 720.0]], [[200.0, 180.0], [200.0, 0.0], [480.0, 180.0]], [[280.0, 180.0], [560.0, 180.0], [560.0, 460.0], [280.0, 460.0]], [[280.0, 460.0], [480.0, 540.0], [480.0, 640.0], [280.0, 640.0]], [[480.0, 460.0], [580.0, 460.0], [580.0, 640.0], [480.0, 640.0]], [[766.450335744, 480.0], [766.450335744, 760.0], [486.450335744, 760.0], [766.450335744, 480.0]], [[766.450335744, 460.0], [566.450335744, 460.0], [566.450335744, 260.0], [766.450335744, 180.0], [766.450335744, 460.0]], [[180.0, 760.0], [260.0, 600.0], [340.0, 760.0], [180.0, 760.0]], [[486.450335744, 0.0], [766.450335744, 0.0], [626.450335744, 240.0], [486.450335744, 0.0]]]"
9,"fu","[0,1,2,3]","Fi的0.88计算结果，结果不可行，但是显示出来可行，原因不明",760,433200,12,"[0, 1, 2, 3, 4, 5, 6, 7, 8, 9, 10, 11]","[3, 0, 0, 3, 2, 0, 0, 1, 1, 2, 1, 1]","[[[200.0, 760.0], [200.0, 560.0], [400.0, 560.0], [400.0, 760.0], [200.0, 760.0]], [[0.0, 560.0], [200.0, 560.0], [200.0, 760.0], [0.0, 760.0], [0.0, 560.0]], [[0.0, 380.0], [280.0, 380.0], [280.0, 560.0], [0.0, 560.0], [0.0, 380.0]], [[480.0, 395.52786348573875], [480.0, 115.52786348573875], [620.0, 255.52786348573875], [480.0, 395.52786348573875]], [[644.4721365142613, 0.0], [644.4721365142613, 180.0], [364.47213651426125, 0.0], [644.4721365142613, 0.0]], [[200.0, 100.0], [480.0, 100.0], [480.0, 380.0], [200.0, 380.0], [200.0, 100.0]], [[400.0, 580.0], [600.0, 660.0], [600.0, 760.0], [400.0, 760.0], [400.0, 580.0]], [[364.47213651426125, 0.0], [364.47213651426125, 100.0], [184.47213651426125, 100.0], [184.47213651426125, 0.0], [364.47213651426125, 0.0]], [[644.4721365142613, 231.0557269714775], [644.4721365142613, 511.0557269714775], [364.47213651426125, 511.0557269714775], [644.4721365142613, 231.0557269714775]], [[200.0, 380.0], [0.0, 380.0], [0.0, 180.0], [200.0, 100.0], [200.0, 380.0]], [[24.47213651426125, 0.0], [184.47213651426125, 80.0], [24.47213651426125, 160.0], [24.47213651426125, 0.0]], [[644.4721365142613, 464.05792036668095], [644.4721365142613, 744.057920366681], [404.47213651426125, 604.057920366681], [644.4721365142613, 464.05792036668095]]]"
10,"fu","[0,1,2,3]","Fi的0.88计算结果，结果不可行，原因是什么？？？？",760,433200,12,"[0, 1, 2, 3, 4, 5, 6, 7, 8, 9, 10, 11]","[0, 0, 1, 3, 2, 0, 1, 0, 1, 0, 2, 2]","[[[200.0, 560.0], [400.0, 560.0], [400.0, 760.0], [200.0, 760.0], [200.0, 560.0]], [[0.0, 560.0], [200.0, 560.0], [200.0, 760.0], [0.0, 760.0], [0.0, 560.0]], [[180.0, 280.0], [180.0, 560.0], [0.0, 560.0], [0.0, 280.0], [180.0, 280.0]], [[480.0, 354.26791224083206], [480.0, 74.26791224083206], [620.0, 214.26791224083206], [480.0, 354.26791224083206]], [[644.4721365142613, 0.0], [644.4721365142613, 180.0], [364.47213651426125, 0.0], [644.4721365142613, 0.0]], [[200.0, 80.0], [480.0, 80.0], [480.0, 360.0], [200.0, 360.0], [200.0, 80.0]], [[360.0, 360.0], [280.0, 560.0], [180.0, 560.0], [180.0, 360.0], [360.0, 360.0]], [[400.0, 520.0], [500.0, 520.0], [500.0, 700.0], [400.0, 700.0], [400.0, 520.0]], [[644.4721365142613, 208.9442730285225], [644.4721365142613, 488.9442730285225], [364.47213651426125, 488.9442730285225], [644.4721365142613, 208.9442730285225]], [[0.0, 0.0], [200.0, 0.0], [200.0, 200.0], [0.0, 280.0], [0.0, 0.0]], [[644.4721365142613, 488.9442730285225], [564.4721365142613, 648.9442730285225], [484.47213651426125, 488.9442730285225], [644.4721365142613, 488.9442730285225]], [[644.4721365142613, 760.0], [364.47213651426125, 760.0], [504.47213651426125, 520.0], [644.4721365142613, 760.0]]]"
11,"fu","[0,1,2,3]","Fu的0.857计算结果",760,433200,12,"[0, 1, 2, 3, 4, 5, 6, 7, 8, 9, 10, 11]","[0, 0, 0, 3, 1, 0, 3, 0, 1, 3, 2, 0]","[[[464.61189078033203, 0.0], [664.611890780332, 0.0], [664.611890780332, 200.0], [464.61189078033203, 200.0], [464.61189078033203, 0.0]], [[0.0, 560.0], [200.0, 560.0], [200.0, 760.0], [0.0, 760.0], [0.0, 560.0]], [[240.0, 280.0], [520.0, 280.0], [520.0, 460.0], [240.0, 460.0], [240.0, 280.0]], [[524.611890780332, 620.0], [524.611890780332, 340.0], [664.611890780332, 480.0], [524.611890780332, 620.0]], [[0.0, 0.0], [180.0, 0.0], [0.0, 280.0], [0.0, 0.0]], [[184.61189078033203, 0.0], [464.61189078033203, 0.0], [464.61189078033203, 280.0], [184.61189078033203, 280.0], [184.61189078033203, 0.0]], [[0.0, 360.0], [80.0, 160.0], [180.0, 160.0], [180.0, 360.0], [0.0, 360.0]], [[200.0, 580.0], [300.0, 580.0], [300.0, 760.0], [200.0, 760.0], [200.0, 580.0]], [[664.611890780332, 480.0], [664.611890780332, 760.0], [384.61189078033203, 760.0], [664.611890780332, 480.0]], [[0.0, 560.0], [0.0, 360.0], [200.0, 360.0], [280.0, 560.0], [0.0, 560.0]], [[664.611890780332, 200.0], [584.611890780332, 360.0], [504.61189078033203, 200.0], [664.611890780332, 200.0]], [[240.0, 460.0], [520.0, 460.0], [380.0, 700.0], [240.0, 460.0]]]"
12,"fu","[0,1,2,3]","Fu的0.858计算结果",760,433200,12,"[0, 1, 2, 3, 4, 5, 6, 7, 8, 9, 10, 11]","[3, 0, 1, 3, 3, 3, 1, 1, 1, 2, 2, 2]","[[[410.47024626809207, 528.4484032872476], [410.47024626809207, 328.44840328724763], [610.4702462680921, 328.44840328724763], [610.4702462680921, 528.4484032872476], [410.47024626809207, 528.4484032872476]], [[0.0, 280.0], [200.0, 280.0], [200.0, 480.0], [0.0, 480.0], [0.0, 280.0]], [[180.0, 0.0], [180.0, 280.0], [0.0, 280.0], [0.0, 0.0], [180.0, 0.0]], [[200.0, 560.0], [200.0, 280.0], [340.0, 420.0], [200.0, 560.0]], [[657.426026458198, 328.44840328724763], [477.42602645819795, 328.44840328724763], [657.426026458198, 48.44840328724763], [657.426026458198, 328.44840328724763]], [[180.0, 280.0], [180.0, 0.0], [460.0, 0.0], [460.0, 280.0], [180.0, 280.0]], [[640.0, 0.0], [560.0, 200.0], [460.0, 200.0], [460.0, 0.0], [640.0, 0.0]], [[380.0, 657.404758932815], [380.0, 757.404758932815], [200.0, 757.404758932815], [200.0, 657.404758932815], [380.0, 657.404758932815]], [[664.0002867227798, 480.0], [664.0002867227798, 760.0], [384.00028672277983, 760.0], [664.0002867227798, 480.0]], [[200.0, 760.0], [0.0, 760.0], [0.0, 560.0], [200.0, 480.0], [200.0, 760.0]], [[434.6944479117159, 280.0], [354.6944479117159, 440.0], [274.6944479117159, 280.0], [434.6944479117159, 280.0]], [[481.51389062252457, 657.404758932815], [201.51389062252457, 657.404758932815], [341.51389062252457, 417.40475893281496], [481.51389062252457, 657.404758932815]]]"
13,"fu","[0,1,2,3]","Fu的0.74计算结果，重新试一遍计算",760,433200,12,"[0, 1, 2, 3, 4, 5, 6, 7, 8, 9, 10, 11]","[0, 0, 0, 0, 0, 0, 0, 0, 1, 2, 0, 0]","[[[0.0, 0.0], [200.0, 0.0], [200.0, 200.0], [0.0, 200.0]], [[0.0, 200.0], [200.0, 200.0], [200.0, 400.0], [0.0, 400.0]], [[0.0, 400.0], [280.0, 400.0], [280.0, 580.0], [0.0, 580.0]], [[0.0, 580.0], [280.0, 580.0], [140.0, 720.0]], [[200.0, 180.0], [200.0, 0.0], [480.0, 180.0]], [[280.0, 180.0], [560.0, 180.0], [560.0, 460.0], [280.0, 460.0]], [[280.0, 460.0], [480.0, 540.0], [480.0, 640.0], [280.0, 640.0]], [[480.0, 460.0], [580.0, 460.0], [580.0, 640.0], [480.0, 640.0]], [[766.450335744, 461.61423360000003], [766.450335744, 741.6142336], [486.450335744, 741.6142336], [766.450335744, 461.61423360000003]], [[766.450335744, 460.0], [566.450335744, 460.0], [566.450335744, 260.0], [766.450335744, 180.0], [766.450335744, 460.0]], [[180.0, 760.0], [260.0, 600.0], [340.0, 760.0], [180.0, 760.0]], [[455.0, 0.0], [735.0, 0.0], [595.0, 240.0], [455.0, 0.0]]]"
14,"fu","[0,1,2,3]","Fu的0.85结果，可行",760,433200,12,"[0, 1, 2, 3, 4, 5, 6, 7, 8, 9, 10, 11]","[3, 3, 1, 1, 3, 0, 1, 0, 3, 2, 1, 1]","[[[442.31801658890663, 760.0], [442.31801658890663, 560.0], [642.3180165889066, 560.0], [642.3180165889066, 760.0], [442.31801658890663, 760.0]], [[460.0, 200.0], [460.0, 0.0], [660.0, 0.0], [660.0, 200.0], [460.0, 200.0]], [[180.0, 0.0], [180.0, 280.0], [0.0, 280.0], [0.0, 0.0], [180.0, 0.0]], [[422.03334669605954, 337.96665330394046], [422.03334669605954, 617.9666533039405], [282.03334669605954, 477.96665330394046], [422.03334669605954, 337.96665330394046]], [[280.0, 760.0], [100.0, 760.0], [280.0, 480.0], [280.0, 760.0]], [[180.0, 0.0], [460.0, 0.0], [460.0, 280.0], [180.0, 280.0], [180.0, 0.0]], [[180.0, 560.0], [100.0, 760.0], [0.0, 760.0], [0.0, 560.0], [180.0, 560.0]], [[280.0, 575.9333066078809], [380.0, 575.9333066078809], [380.0, 755.9333066078809], [280.0, 755.9333066078809], [280.0, 575.9333066078809]], [[200.0, 560.0], [200.0, 280.0], [480.0, 280.0], [200.0, 560.0]], [[200.0, 560.0], [0.0, 560.0], [0.0, 360.0], [200.0, 280.0], [200.0, 560.0]], [[480.0, 226.72563261394333], [640.0, 306.72563261394333], [480.0, 386.72563261394333], [480.0, 226.72563261394333]], [[664.0666933921191, 292.6867281352072], [664.0666933921191, 572.6867281352072], [424.0666933921191, 432.6867281352072], [664.0666933921191, 292.6867281352072]]]"
15,"fu","[0,1,2,3]","Fu的0.86结果，可行",760,433200,12,"[0, 1, 2, 3, 4, 5, 6, 7, 8, 9, 10, 11]","[0, 0, 0, 2, 3, 0, 2, 0, 0, 3, 0, 0]","[[[0.0, 560.0], [200.0, 560.0], [200.0, 760.0], [0.0, 760.0], [0.0, 560.0]], [[0.0, 0.0], [200.0, 0.0], [200.0, 200.0], [0.0, 200.0], [0.0, 0.0]], [[0.0, 200.0], [280.0, 200.0], [280.0, 380.0], [0.0, 380.0], [0.0, 200.0]], [[280.0, 560.0], [0.0, 560.0], [140.0, 420.0], [280.0, 560.0]], [[650.3178565721287, 480.00000000000006], [470.3178565721287, 480.00000000000006], [650.3178565721287, 200.00000000000006], [650.3178565721287, 480.00000000000006]], [[380.0, 480.0], [660.0, 480.0], [660.0, 760.0], [380.0, 760.0], [380.0, 480.0]], [[650.3178565721287, 200.00000000000006], [450.3178565721287, 120.00000000000006], [450.3178565721287, 20.000000000000057], [650.3178565721287, 20.000000000000057], [650.3178565721287, 200.00000000000006]], [[200.0, 580.0], [300.0, 580.0], [300.0, 760.0], [200.0, 760.0], [200.0, 580.0]], [[100.0, 380.0], [380.0, 380.0], [380.0, 660.0], [100.0, 380.0]], [[200.0, 200.0], [200.0, 0.0], [400.0, 0.0], [480.0, 200.0], [200.0, 200.0]], [[280.0, 370.3178565721287], [360.0, 210.31785657212868], [440.0, 370.3178565721287], [280.0, 370.3178565721287]], [[356.0321422864144, 200.0], [636.0321422864145, 200.0], [496.0321422864144, 440.0], [356.0321422864144, 200.0]]]"
16,"fu","[0,1,2,3]","Fu的0.855结果",760,433200,12,"[0, 1, 2, 3, 4, 5, 6, 7, 8, 9, 10, 11]","[3, 0, 1, 1, 0, 0, 3, 1, 3, 3, 2, 2]","[[[466.6, 760.0], [466.6, 560.0], [666.6, 560.0], [666.6, 760.0], [466.6, 760.0]], [[180.0, 360.04210526315796], [380.0, 360.04210526315796], [380.0, 560.042105263158], [180.0, 560.042105263158], [180.0, 360.04210526315796]], [[180.0, 360.0], [180.0, 640.0], [0.0, 640.0], [0.0, 360.0], [180.0, 360.0]], [[666.6, 280.0], [666.6, 560.0], [526.6, 420.0], [666.6, 280.0]], [[380.0, 560.0], [380.0, 380.0], [660.0, 560.0], [380.0, 560.0]], [[0.0, 80.00000000000011], [280.0, 80.00000000000011], [280.0, 360.0000000000001], [0.0, 360.0000000000001], [0.0, 80.00000000000011]], [[486.6, 200.0], [566.6, 0.0], [666.6, 0.0], [666.6, 200.0], [486.6, 200.0]], [[180.0, 640.0], [180.0, 740.0], [0.0, 740.0], [0.0, 640.0], [180.0, 640.0]], [[280.0, 280.0], [280.0, 0.0], [560.0, 0.0], [280.0, 280.0]], [[180.0, 760.0], [180.0, 560.0], [380.0, 560.0], [460.0, 760.0], [180.0, 760.0]], [[659.9999999999998, 200.0], [579.9999999999998, 360.0], [499.9999999999998, 200.0], [659.9999999999998, 200.0]], [[579.9578947368421, 360.0421052631579], [299.95789473684215, 360.0421052631579], [439.95789473684215, 120.04210526315791], [579.9578947368421, 360.0421052631579]]]"
17,"fu","[0,1,2,3]","Fu的0.86结果",760,433200,12,"[0, 1, 2, 3, 4, 5, 6, 7, 8, 9, 10, 11]","[3, 0, 1, 2, 1, 0, 1, 0, 3, 1, 3, 2]","[[[360.0, 200.0], [360.0, 0.0], [560.0, 0.0], [560.0, 200.0], [360.0, 200.0]], [[0.0, 560.0], [200.0, 560.0], [200.0, 760.0], [0.0, 760.0], [0.0, 560.0]], [[360.673299264, 200.0], [360.673299264, 480.0], [180.67329926399998, 480.0], [180.67329926399998, 200.0], [360.673299264, 200.0]], [[360.0, 200.0], [80.0, 200.0], [220.0, 60.0], [360.0, 200.0]], [[200.0, 480.0], [380.0, 480.0], [200.0, 760.0], [200.0, 480.0]], [[372.79871360000004, 200.0], [652.7987136, 200.0], [652.7987136, 480.0], [372.79871360000004, 480.0], [372.79871360000004, 200.0]], [[180.0, 360.0], [100.0, 560.0], [0.0, 560.0], [0.0, 360.0], [180.0, 360.0]], [[560.0, 0.0], [660.0, 0.0], [660.0, 180.0], [560.0, 180.0], [560.0, 0.0]], [[0.0, 280.0], [0.0, 0.0], [280.0, 0.0], [0.0, 280.0]], [[659.326700736, 481.0473544106667], [659.326700736, 681.0473544106667], [459.326700736, 681.0473544106667], [379.326700736, 481.0473544106667], [659.326700736, 481.0473544106667]], [[180.67329926399998, 360.336649632], [20.67329926399998, 280.336649632], [180.67329926399998, 200.336649632], [180.67329926399998, 360.336649632]], [[505.3824106631111, 760.0], [225.3824106631111, 760.0], [365.3824106631111, 520.0], [505.3824106631111, 760.0]]]"
18,"fu","[0,1,2,3]","Fu的0.859",760,433200,12,"[0, 1, 2, 3, 4, 5, 6, 7, 8, 9, 10, 11]","[0, 0, 0, 2, 0, 3, 2, 0, 3, 2, 1, 2]","[[[439.28316903362565, 0.0], [639.2831690336257, 0.0], [639.2831690336257, 200.0], [439.28316903362565, 200.0], [439.28316903362565, 0.0]], [[0.0, 560.0], [200.0, 560.0], [200.0, 760.0], [0.0, 760.0], [0.0, 560.0]], [[359.28316903362565, 400.0], [639.2831690336257, 400.0], [639.2831690336257, 580.0], [359.28316903362565, 580.0], [359.28316903362565, 400.0]], [[420.0, 140.0], [140.0, 140.0], [280.0, 0.0], [420.0, 140.0]], [[0.0, 560.0], [0.0, 380.0], [280.0, 560.0], [0.0, 560.0]], [[359.28316903362565, 480.0], [359.28316903362565, 200.0], [639.2831690336257, 200.0], [639.2831690336257, 480.0], [359.28316903362565, 480.0]], [[639.2831690336257, 760.0], [439.28316903362565, 680.0], [439.28316903362565, 580.0], [639.2831690336257, 580.0], [639.2831690336257, 760.0]], [[59.283169033625654, 220.71683096637435], [159.28316903362565, 220.71683096637435], [159.28316903362565, 400.71683096637435], [59.283169033625654, 400.71683096637435], [59.283169033625654, 220.71683096637435]], [[0.0, 280.0], [0.0, 0.0], [280.0, 0.0], [0.0, 280.0]], [[359.28316903362565, 482.39632295018794], [159.28316903362565, 482.39632295018794], [159.28316903362565, 282.39632295018794], [359.28316903362565, 202.39632295018794], [359.28316903362565, 482.39632295018794]], [[159.28316903362565, 140.0], [319.28316903362565, 220.0], [159.28316903362565, 300.0], [159.28316903362565, 140.0]], [[480.0, 760.0], [200.0, 760.0], [340.0, 520.0], [480.0, 760.0]]]"
19,"fu","[0,1,2,3]","Fu的0.863",760,433200,12,"[0, 1, 2, 3, 4, 5, 6, 7, 8, 9, 10, 11]","[0, 0, 1, 3, 3, 0, 1, 1, 1, 0, 3, 0]","[[[180.0, 100.0], [380.0, 100.0], [380.0, 300.0], [180.0, 300.0], [180.0, 100.0]], [[400.0, 560.0], [600.0, 560.0], [600.0, 760.0], [400.0, 760.0], [400.0, 560.0]], [[180.0, 200.0], [180.0, 480.0], [0.0, 480.0], [0.0, 200.0], [180.0, 200.0]], [[200.0, 670.0], [200.0, 390.0], [340.0, 530.0], [200.0, 670.0]], [[647.1428571428571, 560.0], [467.1428571428571, 560.0], [647.1428571428571, 280.0], [647.1428571428571, 560.0]], [[386.6, 0.0], [666.6, 0.0], [666.6, 280.0], [386.6, 280.0], [386.6, 0.0]], [[180.0, 0.0], [100.0, 200.0], [0.0, 200.0], [0.0, 0.0], [180.0, 0.0]], [[360.0, 0.0], [360.0, 100.0], [180.0, 100.0], [180.0, 0.0], [360.0, 0.0]], [[400.0, 480.0], [400.0, 760.0], [120.0, 760.0], [400.0, 480.0]], [[0.0, 480.0], [200.0, 480.0], [200.0, 680.0], [0.0, 760.0], [0.0, 480.0]], [[340.0, 460.0], [180.0, 380.0], [340.0, 300.0], [340.0, 460.0]], [[340.0, 300.0], [620.0, 300.0], [480.0, 540.0], [340.0, 300.0]]]"
20,"fu","[0,1,2,3]","Fu的0.892",760,433200,12,"[0, 1, 2, 3, 4, 5, 6, 7, 8, 9, 10, 11]","[3, 0, 3, 3, 1, 0, 1, 0, 0, 2, 3, 2]","[[[0.0, 200.0], [0.0, 0.0], [200.0, 0.0], [200.0, 200.0], [0.0, 200.0]], [[438.6310040530227, 560.0], [638.6310040530227, 560.0], [638.6310040530227, 760.0], [438.6310040530227, 760.0], [438.6310040530227, 560.0]], [[458.6310040530227, 280.0], [458.6310040530227, 0.0], [638.6310040530227, 0.0], [638.6310040530227, 280.0], [458.6310040530227, 280.0]], [[294.2177570675876, 672.8911214662062], [294.2177570675876, 392.8911214662062], [434.2177570675876, 532.8911214662062], [294.2177570675876, 672.8911214662062]], [[0.0, 200.0], [180.0, 200.0], [0.0, 480.0], [0.0, 200.0]], [[0.0, 480.0], [280.0, 480.0], [280.0, 760.0], [0.0, 760.0], [0.0, 480.0]], [[380.0, 0.0], [300.0, 200.0], [200.0, 200.0], [200.0, 0.0], [380.0, 0.0]], [[358.6310040530227, 53.42248986744323], [458.6310040530227, 53.42248986744323], [458.6310040530227, 233.42248986744323], [358.6310040530227, 233.42248986744323], [358.6310040530227, 53.42248986744323]], [[158.6310040530227, 233.42248986744323], [438.6310040530227, 233.42248986744323], [438.6310040530227, 513.4224898674432], [158.6310040530227, 233.42248986744323]], [[638.6310040530227, 560.0], [438.6310040530227, 560.0], [438.6310040530227, 360.0], [638.6310040530227, 280.0], [638.6310040530227, 560.0]], [[440.0, 760.0], [280.0, 680.0], [440.0, 600.0], [440.0, 760.0]], [[294.2857142857143, 480.0], [14.285714285714278, 480.0], [154.28571428571428, 240.0], [294.2857142857143, 480.0]]]"
21,"fu","[0,1,2,3]","Fu的0.882，但是不可行",760,433200,12,"[0, 1, 2, 3, 4, 5, 6, 7, 8, 9, 10, 11]","[0, 3, 0, 1, 2, 0, 3, 1, 2, 3, 1, 0]","[[[0.0, 200.0], [200.0, 200.0], [200.0, 400.0], [0.0, 400.0], [0.0, 200.0]], [[196.12842520466407, 400.0], [196.12842520466407, 200.0], [396.12842520466404, 200.0], [396.12842520466404, 400.0], [196.12842520466407, 400.0]], [[272.0, 0.0], [552.0, 0.0], [552.0, 180.0], [272.0, 180.0], [272.0, 0.0]], [[365.01731409355295, 480.0], [365.01731409355295, 760.0], [225.01731409355295, 620.0], [365.01731409355295, 480.0]], [[645.017314093553, 180.0], [645.017314093553, 360.0], [365.01731409355295, 180.0], [645.017314093553, 180.0]], [[365.01731409355295, 480.0], [645.017314093553, 480.0], [645.017314093553, 760.0], [365.01731409355295, 760.0], [365.01731409355295, 480.0]], [[465.01731409355295, 200.0], [545.017314093553, 0.0], [645.017314093553, 0.0], [645.017314093553, 200.0], [465.01731409355295, 200.0]], [[581.8427109189497, 380.0], [581.8427109189497, 480.0], [401.8427109189497, 480.0], [401.8427109189497, 380.0], [581.8427109189497, 380.0]], [[333.3506474268863, 760.0], [53.350647426886326, 760.0], [53.350647426886326, 480.0], [333.3506474268863, 760.0]], [[0.0, 200.0], [0.0, 0.0], [200.0, 0.0], [280.0, 200.0], [0.0, 200.0]], [[396.12842520466404, 222.85714285714283], [556.128425204664, 302.85714285714283], [396.12842520466404, 382.85714285714283], [396.12842520466404, 222.85714285714283]], [[73.3506474268863, 400.0], [353.3506474268863, 400.0], [213.3506474268863, 640.0], [73.3506474268863, 400.0]]]"
22,"fu","[0,1,2,3]","Fu上午十一点的0.82，调整一下最大允许重叠",760,433200,12,"[0, 1, 2, 3, 4, 5, 6, 7, 8, 9, 10, 11]","[3, 0, 3, 0, 1, 3, 2, 0, 2, 3, 3, 0]","[[[491.1913586912448, 720.0], [491.1913586912448, 520.0], [691.1913586912448, 520.0], [691.1913586912448, 720.0], [491.1913586912448, 720.0]], [[211.30434782608694, 200.0], [411.30434782608694, 200.0], [411.30434782608694, 400.0], [211.30434782608694, 400.0], [211.30434782608694, 200.0]], [[31.30434782608694, 511.30434782608694], [31.30434782608694, 231.30434782608694], [211.30434782608694, 231.30434782608694], [211.30434782608694, 511.30434782608694], [31.30434782608694, 511.30434782608694]], [[75.59567934562239, 555.5956793456223], [355.5956793456224, 555.5956793456223], [215.5956793456224, 695.5956793456223], [75.59567934562239, 555.5956793456223]], [[0.0, 0.0], [180.0, 0.0], [0.0, 280.0], [0.0, 0.0]], [[411.1913586912448, 520.0], [411.1913586912448, 240.0], [691.1913586912448, 240.0], [691.1913586912448, 520.0], [411.1913586912448, 520.0]], [[411.1913586912448, 580.0], [211.19135869124477, 500.0], [211.19135869124477, 400.0], [411.1913586912448, 400.0], [411.1913586912448, 580.0]], [[391.1913586912448, 580.0], [491.1913586912448, 580.0], [491.1913586912448, 760.0], [391.1913586912448, 760.0], [391.1913586912448, 580.0]], [[280.0, 760.0], [0.0, 760.0], [0.0, 480.0], [280.0, 760.0]], [[180.0, 200.0], [180.0, 0.0], [380.0, 0.0], [460.0, 200.0], [180.0, 200.0]], [[391.1913586912448, 760.0], [231.19135869124477, 680.0], [391.1913586912448, 600.0], [391.1913586912448, 760.0]], [[380.0, 0.0], [660.0, 0.0], [520.0, 240.0], [380.0, 0.0]]]"
23,"fu","[0,1,2,3]","Fu的89.25%",760,433200,12,"[0, 1, 2, 3, 4, 5, 6, 7, 8, 9, 10, 11]","[3, 0, 1, 2, 0, 0, 3, 0, 0, 0, 1, 1]","[[[0.0, 200.0], [0.0, 0.0], [200.0, 0.0], [200.0, 200.0], [0.0, 200.0]], [[436.67232276001425, 491.7060439782649], [636.6723227600143, 491.7060439782649], [636.6723227600143, 691.7060439782649], [436.67232276001425, 691.7060439782649], [436.67232276001425, 491.7060439782649]], [[180.0, 480.0], [180.0, 760.0], [0.0, 760.0], [0.0, 480.0], [180.0, 480.0]], [[600.0, 243.32767723998575], [320.0, 243.32767723998575], [460.0, 103.32767723998575], [600.0, 243.32767723998575]], [[180.0, 760.0], [180.0, 580.0], [460.0, 760.0], [180.0, 760.0]], [[0.0, 200.0], [280.0, 200.0], [280.0, 480.0], [0.0, 480.0], [0.0, 200.0]], [[456.67232276001425, 491.70604397826486], [536.6723227600143, 291.70604397826486], [636.6723227600143, 291.70604397826486], [636.6723227600143, 491.70604397826486], [456.67232276001425, 491.70604397826486]], [[200.0, 0.0], [300.0, 0.0], [300.0, 180.0], [200.0, 180.0], [200.0, 0.0]], [[356.67232276001425, 0.0], [636.6723227600143, 0.0], [636.6723227600143, 280.0], [356.67232276001425, 0.0]], [[280.0, 233.3868508783005], [480.0, 233.3868508783005], [480.0, 433.3868508783005], [280.0, 513.3868508783005], [280.0, 233.3868508783005]], [[300.0, 23.327677239985746], [460.0, 103.32767723998575], [300.0, 183.32767723998575], [300.0, 23.327677239985746]], [[436.67232276001425, 450.71792177429484], [436.67232276001425, 730.7179217742948], [196.67232276001425, 590.7179217742948], [436.67232276001425, 450.71792177429484]]]"
24,"fu","[0,1,2,3]","Fu的87%",760,433200,12,"[0, 1, 2, 3, 4, 5, 6, 7, 8, 9, 10, 11]","[3, 3, 1, 1, 1, 0, 1, 0, 2, 2, 2, 2]","[[[0.0, 200.0], [0.0, 0.0], [200.0, 0.0], [200.0, 200.0], [0.0, 200.0]], [[450.13266955038546, 480.0], [450.13266955038546, 280.0], [650.1326695503855, 280.0], [650.1326695503855, 480.0], [450.13266955038546, 480.0]], [[180.0, 200.0], [180.0, 480.0], [0.0, 480.0], [0.0, 200.0], [180.0, 200.0]], [[355.8469552646712, 480.0], [355.8469552646712, 760.0], [215.84695526467118, 620.0], [355.8469552646712, 480.0]], [[355.8469552646712, 480.0], [535.8469552646711, 480.0], [355.8469552646712, 760.0], [355.8469552646712, 480.0]], [[170.13266955038546, 200.0], [450.13266955038546, 200.0], [450.13266955038546, 480.0], [170.13266955038546, 480.0], [170.13266955038546, 200.0]], [[480.0, 0.0], [400.0, 200.0], [300.0, 200.0], [300.0, 0.0], [480.0, 0.0]], [[200.0, 20.0], [300.0, 20.0], [300.0, 200.0], [200.0, 200.0], [200.0, 20.0]], [[325.8469552646712, 760.0], [45.84695526467118, 760.0], [45.84695526467118, 480.0], [325.8469552646712, 760.0]], [[650.1326695503855, 280.0], [450.13266955038546, 280.0], [450.13266955038546, 80.0], [650.1326695503855, 0.0], [650.1326695503855, 280.0]], [[285.8469552646712, 480.0], [205.84695526467118, 640.0], [125.84695526467118, 480.0], [285.8469552646712, 480.0]], [[650.1326695503855, 760.0], [370.13266955038546, 760.0], [510.13266955038546, 520.0], [650.1326695503855, 760.0]]]"
25,"dighe1","[0]","dighe1初始解",1000,1000000,16,"[0, 1, 2, 3, 4, 5, 6, 7, 8, 9, 10, 11, 12, 13, 14, 15]","[0, 0, 0, 0, 0, 0, 0, 0, 0, 0, 0, 0, 0, 0, 0, 0]","[[[0.0, 0.0], [350.0, 0.0], [0.0, 340.0]], [[0.0, 340.0], [330.0, 340.0], [180.0, 490.0]], [[0.0, 490.0], [320.0, 490.0], [320.0, 900.0], [140.0, 820.0]], [[581.9354838709677, 98.06451612903231], [761.9354838709677, 248.0645161290323], [741.9354838709677, 478.0645161290323], [711.9354838709677, 718.0645161290323], [621.9354838709677, 668.0645161290323], [231.9354838709677, 438.0645161290323]], [[331.30434782608694, 770.0], [481.30434782608694, 620.0], [621.304347826087, 950.0], [561.304347826087, 960.0], [311.30434782608694, 1000.0]], [[753.9410939691444, 340.0], [1143.9410939691443, 570.0], [953.9410939691444, 600.0], [753.9410939691444, 1000.0]], [[783.9410939691445, 100.00000000000011], [1033.9410939691445, 60.000000000000114], [1053.9410939691445, 240.0000000000001], [1073.9410939691445, 450.0000000000001], [1003.9410939691445, 430.0000000000001], [753.9410939691445, 340.0000000000001]], [[0.0, 794.4444444444445], [60.0, 784.4444444444445], [240.0, 864.4444444444445], [20.0, 974.4444444444445]], [[216.17647058823528, 130.0], [436.17647058823525, 20.0], [236.17647058823528, 340.0]], [[778.9410939691444, 950.0], [978.9410939691444, 630.0], [978.9410939691444, 1000.0]], [[988.9410939691444, 594.4736842105264], [1238.9410939691443, 684.4736842105264], [978.9410939691444, 744.4736842105264]], [[1015.9410939691445, 30.0], [1205.9410939691445, 0.0], [1295.9410939691445, 50.0], [1285.9410939691445, 200.0], [1255.9410939691445, 430.0]], [[1281.1779360744074, 600.0], [1521.1779360744074, 1000.0], [1081.1779360744074, 1000.0]], [[1258.6262556685738, 409.41376030437516], [1518.6262556685738, 349.41376030437516], [1588.6262556685738, 369.41376030437516], [1228.6262556685738, 639.4137603043752]], [[1266.4523426250955, 349.41376030437516], [1626.4523426250955, 79.41376030437516], [1826.4523426250955, 349.41376030437516]], [[498.53760557549856, 660.6212504093272], [698.5376055754986, 710.6212504093272], [698.5376055754986, 930.6212504093272]]]"
26,"dighe2","[0]","dighe2初始解",1000,1000000,10,"[0, 1, 2, 3, 4, 5, 6, 7, 8, 9]","[0, 0, 0, 0, 0, 0, 0, 0, 0, 0]","[[[0.0, 0.0], [330.0, 0.0], [330.0, 190.0], [30.0, 110.0]], [[0.0, 190.0], [420.0, 190.0], [370.0, 490.0], [0.0, 380.0]], [[50.0, 469.18918918918916], [300.0, 469.18918918918916], [300.0, 979.1891891891892], [0.0, 769.1891891891892]], [[300.0, 469.18918918918916], [330.0, 579.1891891891892], [370.0, 799.1891891891892], [380.0, 849.1891891891892], [300.0, 829.1891891891892]], [[310.91926321225685, 474.2451368566019], [610.9192632122569, 554.2451368566019], [980.9192632122569, 664.2451368566019], [870.9192632122569, 764.2451368566019], [350.91926321225685, 694.2451368566019]], [[1036.2427759879988, 0.0], [1336.2427759879988, 210.0], [1336.2427759879988, 700.0], [996.2427759879988, 700.0], [876.2427759879988, 420.0], [806.2427759879988, 230.0], [926.2427759879988, 100.0]], [[399.8012738135477, 12.515922669347049], [919.8012738135477, 82.51592266934705], [799.8012738135477, 212.51592266934705], [869.8012738135477, 402.51592266934705], [429.8012738135477, 312.51592266934705], [409.8012738135477, 62.51592266934705]], [[1336.2427759879988, 0.0], [1416.2427759879988, 20.0], [1436.2427759879988, 270.0], [1456.2427759879988, 640.0], [1336.2427759879988, 640.0]], [[1421.6481813934042, 0.0], [1861.6481813934042, 90.0], [1581.6481813934042, 370.0], [1441.6481813934042, 370.0]], [[639.588913754519, 1000.0], [919.588913754519, 720.0], [1039.5889137545191, 1000.0]]]"
27,"dighe2","[0]","dighe2优化解，但似乎有点问题",1000,1000000,10,"[0, 1, 2, 3, 4, 5, 6, 7, 8, 9,]","[0, 0, 0, 0, 0, 0, 0, 0, 0, 0]","[[[975.4545454545407, 810.0], [1305.4545454545407, 810.0], [1305.4545454545407, 1000.0], [1005.4545454545407, 920.0], [975.4545454545407, 810.0]], [[830.0613124018062, 0.0], [1250.0613124018062, 0.0], [1200.0613124018062, 300.0], [830.0613124018062, 190.0], [830.0613124018062, 0.0]], [[1000.0613124018062, 300.0], [1250.0613124018062, 300.0], [1250.0613124018062, 810.0], [950.0613124018062, 600.0], [1000.0613124018062, 300.0]], [[95.90733590733595, 0.0], [125.90733590733595, 110.0], [165.90733590733595, 330.0], [175.90733590733595, 380.0], [95.90733590733595, 360.0], [95.90733590733595, 0.0]], [[329.999999999995, 709.9999999999989], [629.999999999995, 789.9999999999989], [999.999999999995, 899.9999999999989], [889.999999999995, 999.9999999999989], [369.999999999995, 929.9999999999989], [329.999999999995, 709.9999999999989]], [[650.0613124018059, 84.68301664048181], [950.0613124018059, 294.6830166404818], [950.0613124018059, 784.6830166404818], [610.0613124018059, 784.6830166404818], [490.06131240180594, 504.6830166404818], [420.06131240180594, 314.6830166404818], [540.0613124018059, 184.6830166404818], [650.0613124018059, 84.68301664048181]], [[109.87837837838015, 371.1114864864867], [629.8783783783801, 441.1114864864867], [509.87837837838015, 571.1114864864867], [579.8783783783801, 761.1114864864867], [139.87837837838015, 671.1114864864867], [119.87837837838015, 421.1114864864867], [109.87837837838015, 371.1114864864867]], [[0.0, 141.15830115830067], [80.0, 161.15830115830067], [100.0, 411.1583011583007], [120.0, 781.1583011583007], [0.0, 781.1583011583007], [0.0, 141.15830115830067]], [[181.32299087373417, 13.421338168553575], [621.3229908737342, 103.42133816855358], [341.32299087373417, 383.4213381685536], [201.32299087373417, 383.4213381685536], [181.32299087373417, 13.421338168553575]], [[0.0, 1000.0], [280.0, 720.0], [400.0, 1000.0], [0.0, 1000.0]]]"
28,"dighe1","[0]","dighe1优化解，82%",1000,1000000,16,"[0, 1, 2, 3, 4, 5, 6, 7, 8, 9, 10, 11, 12, 13, 14, 15]","[0, 0, 0, 0, 0, 0, 0, 0, 0, 0, 0, 0, 0, 0, 0, 0]","[[[61.11659183707218, 0.0], [411.1165918370722, 0.0], [61.11659183707218, 340.0], [61.11659183707218, 0.0]], [[596.285125460294, 630.0], [926.285125460294, 630.0], [776.285125460294, 780.0], [596.285125460294, 630.0]], [[894.285125460294, 0.0], [1214.285125460294, 0.0], [1214.285125460294, 410.0], [1034.285125460294, 330.0], [894.285125460294, 0.0]], [[411.1165918370722, 0.0], [591.1165918370722, 150.0], [571.1165918370722, 380.0], [541.1165918370722, 620.0], [451.1165918370722, 570.0], [61.11659183707218, 340.0], [411.1165918370722, 0.0]], [[796.285125460294, 770.0], [946.285125460294, 620.0], [1086.285125460294, 950.0], [1026.285125460294, 960.0], [776.285125460294, 1000.0], [796.285125460294, 770.0]], [[0.0, 303.9568817371113], [390.0, 533.9568817371113], [200.0, 563.9568817371113], [0.0, 963.9568817371113], [0.0, 303.9568817371113]], [[609.8122440109852, 40.0], [859.8122440109852, 0.0], [879.8122440109852, 180.0], [899.8122440109852, 390.0], [829.8122440109852, 370.0], [579.8122440109852, 280.0], [609.8122440109852, 40.0]], [[244.09397876733703, 557.5209903527949], [304.09397876733703, 547.5209903527949], [484.09397876733703, 627.5209903527949], [264.09397876733703, 737.5209903527949], [244.09397876733703, 557.5209903527949]], [[252.14720206147092, 762.2758467976462], [472.1472020614709, 652.2758467976462], [272.1472020614709, 972.2758467976462], [252.14720206147092, 762.2758467976462]], [[52.14720206147092, 950.0], [252.14720206147092, 630.0], [252.14720206147092, 1000.0], [52.14720206147092, 950.0]], [[579.6124002674102, 282.2982030511122], [829.6124002674102, 372.2982030511122], [569.6124002674102, 432.2982030511122], [579.6124002674102, 282.2982030511122]], [[934.285125460294, 600.0], [1124.285125460294, 570.0], [1214.285125460294, 620.0], [1204.285125460294, 770.0], [1174.285125460294, 1000.0], [934.285125460294, 600.0]], [[498.285125460294, 600.0], [738.285125460294, 1000.0], [298.285125460294, 1000.0], [498.285125460294, 600.0]], [[565.4748946133949, 433.25301204819266], [825.4748946133949, 373.25301204819266], [895.4748946133949, 393.25301204819266], [535.4748946133949, 663.2530120481927], [565.4748946133949, 433.25301204819266]], [[654.285125460294, 574.1453389130183], [1014.285125460294, 304.14533891301835], [1214.285125460294, 574.1453389130183], [654.285125460294, 574.1453389130183]], [[576.285125460294, 730.0], [776.285125460294, 780.0], [776.285125460294, 1000.0], [576.285125460294, 730.0]]]"
29,"dighe1","[0]","dighe1优化解，98%",1000,1000000,16,"[0, 1, 2, 3, 4, 5, 6, 7, 8, 9, 10, 11, 12, 13, 14, 15]","[0, 0, 0, 0, 0, 0, 0, 0, 0, 0, 0, 0, 0, 0, 0, 0]","[[[0.0, 1.4779288903810084e-12], [350.0, 1.4779288903810084e-12], [0.0, 340.0000000000015], [0.0, 1.4779288903810084e-12]], [[349.9999999999483, 5.1727511163335294e-11], [679.9999999999483, 5.1727511163335294e-11], [529.9999999999483, 150.00000000005173], [349.9999999999483, 5.1727511163335294e-11]], [[699.0551539869942, 5.684341886080802e-14], [1019.0551539869942, 5.684341886080802e-14], [1019.0551539869942, 410.00000000000006], [839.0551539869942, 330.00000000000006], [699.0551539869942, 5.684341886080802e-14]], [[350.0, 0.0], [530.0, 150.0], [510.0, 380.0], [480.0, 620.0], [390.0, 570.0], [0.0, 340.0], [350.0, 0.0]], [[530.0, 150.0], [680.0, 0.0], [820.0, 330.0], [760.0, 340.0], [510.0, 380.0], [530.0, 150.0]], [[0.0, 340.0], [390.0, 570.0], [200.0, 600.0], [0.0, 1000.0], [0.0, 340.0]], [[529.0551539869939, 379.9999999999968], [779.0551539869939, 339.9999999999968], [799.0551539869939, 519.9999999999968], [819.0551539869939, 729.9999999999968], [749.0551539869939, 709.9999999999968], [499.0551539869939, 619.9999999999968], [529.0551539869939, 379.9999999999968]], [[779.0551539869942, 340.0], [839.0551539869942, 330.0], [1019.0551539869942, 410.0], [799.0551539869942, 520.0], [779.0551539869942, 340.0]], [[799.0551539869942, 520.0], [1019.0551539869942, 410.0], [819.0551539869942, 730.0], [799.0551539869942, 520.0]], [[819.0551539869942, 730.0], [1019.0551539869942, 410.0], [1019.0551539869942, 780.0], [819.0551539869942, 730.0]], [[480.03303217814573, 619.7357425748341], [730.0330321781457, 709.7357425748341], [470.03303217814573, 769.7357425748341], [480.03303217814573, 619.7357425748341]], [[200.0, 600.0], [390.0, 570.0], [480.0, 620.0], [470.0, 770.0], [440.0, 1000.0], [200.0, 600.0]], [[200.0, 600.0], [440.0, 1000.0], [0.0, 1000.0], [200.0, 600.0]], [[470.49425925818053, 769.6293055563646], [730.4942592581806, 709.6293055563646], [800.4942592581806, 729.6293055563646], [440.49425925818053, 999.6293055563646], [470.49425925818053, 769.6293055563646]], [[440.0, 1000.0], [800.0, 730.0], [1000.0, 1000.0], [440.0, 1000.0]], [[800.0, 730.0], [1000.0, 780.0], [1000.0, 1000.0], [800.0, 730.0]]]"
30,"dighe1","[0]","dighe1优化解，98%",1000,1000000,16,"[0, 1, 2, 3, 4, 5, 6, 7, 8, 9, 10, 11, 12, 13, 14, 15]","[0, 0, 0, 0, 0, 0, 0, 0, 0, 0, 0, 0, 0, 0, 0, 0]","[[[0.0, 1.4779288903810084e-12], [350.0, 1.4779288903810084e-12], [0.0, 340.0000000000015], [0.0, 1.4779288903810084e-12]], [[349.9999999999483, 5.1727511163335294e-11], [679.9999999999483, 5.1727511163335294e-11], [529.9999999999483, 150.00000000005173], [349.9999999999483, 5.1727511163335294e-11]], [[680.0, 5.684341886080802e-14], [1000.0, 5.684341886080802e-14], [1000.0, 410.00000000000006], [820.0, 330.00000000000006], [680.0, 5.684341886080802e-14]], [[350.0, 0.0], [530.0, 150.0], [510.0, 380.0], [480.0, 620.0], [390.0, 570.0], [0.0, 340.0], [350.0, 0.0]], [[530.0, 150.0], [680.0, 0.0], [820.0, 330.0], [760.0, 340.0], [510.0, 380.0], [530.0, 150.0]], [[0.0, 340.0], [390.0, 570.0], [200.0, 600.0], [0.0, 1000.0], [0.0, 340.0]], [[510.0, 380.0], [760.0, 340.0], [780.0, 520.0], [800.0, 730.0], [730.0, 710.0], [480.0, 620.0], [510.0, 380.0]], [[760.0, 340.0], [820.0, 330.0], [1000.0, 410.0], [780.0, 520.0], [760.0, 340.0]], [[780.0, 520.0], [1000.0, 410.0], [800.0, 730.0], [780.0, 520.0]], [[800.0, 730.0], [1000.0, 410.0], [1000.0, 780.0], [800.0, 730.0]], [[480.03303217814573, 619.7357425748341], [730.0330321781457, 709.7357425748341], [470.03303217814573, 769.7357425748341], [480.03303217814573, 619.7357425748341]], [[200.0, 600.0], [390.0, 570.0], [480.0, 620.0], [470.0, 770.0], [440.0, 1000.0], [200.0, 600.0]], [[200.0, 600.0], [440.0, 1000.0], [0.0, 1000.0], [200.0, 600.0]], [[470.0, 770.0], [730.0, 710.0], [800.0, 730.0], [440.0, 1000.0], [470.0, 770.0]], [[440.0, 1000.0], [800.0, 730.0], [1000.0, 1000.0], [440.0, 1000.0]], [[800.0, 730.0], [1000.0, 780.0], [1000.0, 1000.0], [800.0, 730.0]]]"
31,"dighe2","[0]","dighe2优化解，但似乎有点问题",1000,1000000,10,"[0, 1, 2, 3, 4, 5, 6, 7, 8, 9]","[0, 0, 0, 0, 0, 0, 0, 0, 0, 0]","[[[0.0, 0.0], [330.0, 0.0], [330.0, 190.0], [30.0, 110.0], [0.0, 0.0]], [[330.0, 0.0], [750.0, 0.0], [700.0, 300.0], [330.0, 190.0], [330.0, 0.0]], [[750.0, 0.0], [1000.0, 0.0], [1000.0, 510.0], [700.0, 300.0], [750.0, 0.0]], [[0.0, 0.0], [30.0, 110.0], [70.0, 330.0], [80.0, 380.0], [0.0, 360.0], [0.0, 0.0]], [[30.000000000000114, 109.99999999999943], [330.0000000000001, 189.99999999999943], [700.0000000000001, 299.99999999999943], [590.0000000000001, 399.99999999999943], [70.00000000000011, 329.99999999999943], [30.000000000000114, 109.99999999999943]], [[700.0, 299.99999999999955], [1000.0, 509.99999999999955], [1000.0, 999.9999999999995], [660.0, 999.9999999999995], [540.0, 719.9999999999995], [470.0, 529.9999999999995], [590.0, 399.99999999999955], [700.0, 299.99999999999955]], [[70.0, 329.99999999999943], [590.0, 399.99999999999943], [470.0, 529.9999999999994], [540.0, 719.9999999999994], [100.0, 629.9999999999994], [80.0, 379.99999999999943], [70.0, 329.99999999999943]], [[0.0, 359.99999999999943], [80.0, 379.99999999999943], [100.0, 629.9999999999994], [120.0, 999.9999999999994], [0.0, 999.9999999999994], [0.0, 359.99999999999943]], [[99.99999999999994, 629.9999999999994], [540.0, 719.9999999999994], [259.99999999999994, 999.9999999999994], [119.99999999999994, 999.9999999999994], [99.99999999999994, 629.9999999999994]], [[260.0, 999.9999999999994], [540.0, 719.9999999999994], [660.0, 999.9999999999994], [260.0, 999.9999999999994]]]"
32,"shirts","[0,1]","Shirts初始解",800,777000,7,"[0, 0, 0, 0, 0, 0, 0, 0, 1, 1, 1, 1, 1, 1, 1, 1, 2, 2, 2, 2, 2, 2, 2, 2, 3, 3, 3, 3, 3, 3, 3, 3, 3, 3, 3, 3, 3, 3, 3, 4, 4, 4, 4, 4, 4, 4, 4, 4, 4, 4, 4, 4, 4, 4, 5, 5, 5, 5, 5, 5, 5, 5, 5, 5, 5, 5, 5, 5, 5, 6, 6, 6, 6, 6, 6, 6, 6, 6, 6, 6, 6, 6, 6, 6]","[0, 0, 0, 0, 0, 0, 0, 0, 0, 0, 0, 0, 0, 0, 0, 0, 0, 0, 0, 0, 0, 0, 0, 0, 0, 0, 0, 0, 0, 0, 0, 0, 0, 0, 0, 0, 0, 0, 0, 0, 0, 0, 0, 0, 0, 0, 0, 0, 0, 0, 0, 0, 0, 0, 0, 0, 0, 0, 0, 0, 0, 0, 0, 0, 0, 0, 0, 0, 0, 0, 0, 0, 0, 0, 0, 0, 0, 0, 0, 0, 0, 0, 0, 0]","[[[40.0, 0.0], [180.0, 20.0], [180.0, 100.0], [40.0, 140.0], [20.0, 100.0], [20.0, 80.0], [0.0, 60.0], [20.0, 40.0]], [[40.0, 140.0], [180.0, 160.0], [180.0, 240.0], [40.0, 280.0], [20.0, 240.0], [20.0, 220.0], [0.0, 200.0], [20.0, 180.0]], [[40.0, 280.0], [180.0, 300.0], [180.0, 380.0], [40.0, 420.0], [20.0, 380.0], [20.0, 360.0], [0.0, 340.0], [20.0, 320.0]], [[40.0, 420.0], [180.0, 440.0], [180.0, 520.0], [40.0, 560.0], [20.0, 520.0], [20.0, 500.0], [0.0, 480.0], [20.0, 460.0]], [[40.0, 560.0], [180.0, 580.0], [180.0, 660.0], [40.0, 700.0], [20.0, 660.0], [20.0, 640.0], [0.0, 620.0], [20.0, 600.0]], [[180.0, 660.0], [320.0, 680.0], [320.0, 760.0], [180.0, 800.0], [160.0, 760.0], [160.0, 740.0], [140.0, 720.0], [160.0, 700.0]], [[200.0, 60.0], [340.0, 80.0], [340.0, 160.0], [200.0, 200.0], [180.0, 160.0], [180.0, 140.0], [160.0, 120.0], [180.0, 100.0]], [[200.0, 200.0], [340.0, 220.0], [340.0, 300.0], [200.0, 340.0], [180.0, 300.0], [180.0, 280.0], [160.0, 260.0], [180.0, 240.0]], [[188.0, 356.0], [408.0, 356.0], [428.0, 396.0], [408.0, 416.0], [408.0, 456.0], [388.0, 476.0], [308.0, 456.0], [248.0, 476.0], [188.0, 456.0], [168.0, 416.0]], [[188.0, 496.0], [408.0, 496.0], [428.0, 536.0], [408.0, 556.0], [408.0, 596.0], [388.0, 616.0], [308.0, 596.0], [248.0, 616.0], [188.0, 596.0], [168.0, 556.0]], [[338.0, 616.0], [558.0, 616.0], [578.0, 656.0], [558.0, 676.0], [558.0, 716.0], [538.0, 736.0], [458.0, 716.0], [398.0, 736.0], [338.0, 716.0], [318.0, 676.0]], [[348.0, 136.0], [568.0, 136.0], [588.0, 176.0], [568.0, 196.0], [568.0, 236.0], [548.0, 256.0], [468.0, 236.0], [408.0, 256.0], [348.0, 236.0], [328.0, 196.0]], [[350.0, 0.0], [570.0, 0.0], [590.0, 40.0], [570.0, 60.0], [570.0, 100.0], [550.0, 120.0], [470.0, 100.0], [410.0, 120.0], [350.0, 100.0], [330.0, 60.0]], [[408.0, 256.0], [628.0, 256.0], [648.0, 296.0], [628.0, 316.0], [628.0, 356.0], [608.0, 376.0], [528.0, 356.0], [468.0, 376.0], [408.0, 356.0], [388.0, 316.0]], [[420.0, 420.0], [640.0, 420.0], [660.0, 460.0], [640.0, 480.0], [640.0, 520.0], [620.0, 540.0], [540.0, 520.0], [480.0, 540.0], [420.0, 520.0], [400.0, 480.0]], [[570.0, 540.0], [790.0, 540.0], [810.0, 580.0], [790.0, 600.0], [790.0, 640.0], [770.0, 660.0], [690.0, 640.0], [630.0, 660.0], [570.0, 640.0], [550.0, 600.0]], [[588.0, 42.0], [648.0, 42.0], [648.0, 22.0], [688.0, 42.0], [748.0, 42.0], [808.0, 22.0], [828.0, 122.0], [808.0, 202.0], [728.0, 182.0], [588.0, 182.0]], [[648.0, 202.0], [708.0, 202.0], [708.0, 182.0], [748.0, 202.0], [808.0, 202.0], [868.0, 182.0], [888.0, 282.0], [868.0, 362.0], [788.0, 342.0], [648.0, 342.0]], [[660.0, 378.0], [720.0, 378.0], [720.0, 358.0], [760.0, 378.0], [820.0, 378.0], [880.0, 358.0], [900.0, 458.0], [880.0, 538.0], [800.0, 518.0], [660.0, 518.0]], [[790.0, 600.0], [850.0, 600.0], [850.0, 580.0], [890.0, 600.0], [950.0, 600.0], [1010.0, 580.0], [1030.0, 680.0], [1010.0, 760.0], [930.0, 740.0], [790.0, 740.0]], [[828.0, 20.0], [888.0, 20.0], [888.0, 0.0], [928.0, 20.0], [988.0, 20.0], [1048.0, 0.0], [1068.0, 100.0], [1048.0, 180.0], [968.0, 160.0], [828.0, 160.0]], [[888.0, 180.0], [948.0, 180.0], [948.0, 160.0], [988.0, 180.0], [1048.0, 180.0], [1108.0, 160.0], [1128.0, 260.0], [1108.0, 340.0], [1028.0, 320.0], [888.0, 320.0]], [[900.0, 356.0], [960.0, 356.0], [960.0, 336.0], [1000.0, 356.0], [1060.0, 356.0], [1120.0, 336.0], [1140.0, 436.0], [1120.0, 516.0], [1040.0, 496.0], [900.0, 496.0]], [[1027.578947368421, 527.8947368421053], [1087.578947368421, 527.8947368421053], [1087.578947368421, 507.8947368421053], [1127.578947368421, 527.8947368421053], [1187.578947368421, 527.8947368421053], [1247.578947368421, 507.8947368421053], [1267.578947368421, 607.8947368421053], [1247.578947368421, 687.8947368421053], [1167.578947368421, 667.8947368421053], [1027.578947368421, 667.8947368421053]], [[0.0, 700.0], [80.0, 700.0], [80.0, 740.0], [60.0, 760.0], [0.0, 760.0]], [[200.0, 0.0], [280.0, 0.0], [280.0, 40.0], [260.0, 60.0], [200.0, 60.0]], [[320.0, 736.0], [400.0, 736.0], [400.0, 776.0], [380.0, 796.0], [320.0, 796.0]], [[400.0, 735.3333333333334], [480.0, 735.3333333333334], [480.0, 775.3333333333334], [460.0, 795.3333333333334], [400.0, 795.3333333333334]], [[408.0, 556.0], [488.0, 556.0], [488.0, 596.0], [468.0, 616.0], [408.0, 616.0]], [[480.0, 736.0], [560.0, 736.0], [560.0, 776.0], [540.0, 796.0], [480.0, 796.0]], [[558.0, 676.0], [638.0, 676.0], [638.0, 716.0], [618.0, 736.0], [558.0, 736.0]], [[560.0, 736.0], [640.0, 736.0], [640.0, 776.0], [620.0, 796.0], [560.0, 796.0]], [[638.0, 657.3333333333334], [718.0, 657.3333333333334], [718.0, 697.3333333333334], [698.0, 717.3333333333334], [638.0, 717.3333333333334]], [[640.0, 717.3333333333334], [720.0, 717.3333333333334], [720.0, 757.3333333333334], [700.0, 777.3333333333334], [640.0, 777.3333333333334]], [[880.6666666666666, 535.3333333333334], [960.6666666666666, 535.3333333333334], [960.6666666666666, 575.3333333333334], [940.6666666666666, 595.3333333333334], [880.6666666666666, 595.3333333333334]], [[1015.0, 740.0], [1095.0, 740.0], [1095.0, 780.0], [1075.0, 800.0], [1015.0, 800.0]], [[1030.0, 667.8947368421053], [1110.0, 667.8947368421053], [1110.0, 707.8947368421053], [1090.0, 727.8947368421053], [1030.0, 727.8947368421053]], [[1060.0, 0.0], [1140.0, 0.0], [1140.0, 40.0], [1120.0, 60.0], [1060.0, 60.0]], [[1068.0, 60.0], [1148.0, 60.0], [1148.0, 100.0], [1128.0, 120.0], [1068.0, 120.0]], [[0.0, 760.0], [160.0, 760.0], [140.0, 780.0], [20.0, 780.0]], [[214.0, 336.0], [374.0, 336.0], [354.0, 356.0], [234.0, 356.0]], [[418.0, 376.0], [578.0, 376.0], [558.0, 396.0], [438.0, 396.0]], [[424.0, 400.0], [584.0, 400.0], [564.0, 420.0], [444.0, 420.0]], [[570.0, 0.0], [730.0, 0.0], [710.0, 20.0], [590.0, 20.0]], [[636.0, 780.0], [796.0, 780.0], [776.0, 800.0], [656.0, 800.0]], [[640.0, 518.0], [800.0, 518.0], [780.0, 538.0], [660.0, 538.0]], [[717.3333333333334, 760.0], [877.3333333333334, 760.0], [857.3333333333334, 780.0], [737.3333333333334, 780.0]], [[887.5087719298247, 507.9649122807017], [1047.5087719298247, 507.9649122807017], [1027.5087719298247, 527.9649122807017], [907.5087719298247, 527.9649122807017]], [[1058.0, 140.0], [1218.0, 140.0], [1198.0, 160.0], [1078.0, 160.0]], [[1082.8947368421054, 727.8947368421053], [1242.8947368421054, 727.8947368421053], [1222.8947368421054, 747.8947368421053], [1102.8947368421054, 747.8947368421053]], [[1095.0, 747.8947368421053], [1255.0, 747.8947368421053], [1235.0, 767.8947368421053], [1115.0, 767.8947368421053]], [[1095.0, 767.8947368421053], [1255.0, 767.8947368421053], [1235.0, 787.8947368421053], [1115.0, 787.8947368421053]], [[1108.0, 160.0], [1268.0, 160.0], [1248.0, 180.0], [1128.0, 180.0]], [[1110.0, 687.8947368421053], [1270.0, 687.8947368421053], [1250.0, 707.8947368421053], [1130.0, 707.8947368421053]], [[86.66666666666666, 406.6666666666667], [166.66666666666666, 406.6666666666667], [166.66666666666666, 426.6666666666667], [86.66666666666666, 426.6666666666667]], [[86.66666666666666, 546.6666666666666], [166.66666666666666, 546.6666666666666], [166.66666666666666, 566.6666666666666], [86.66666666666666, 566.6666666666666]], [[180.0, 616.0], [260.0, 616.0], [260.0, 636.0], [180.0, 636.0]], [[180.0, 636.0], [260.0, 636.0], [260.0, 656.0], [180.0, 656.0]], [[246.66666666666669, 186.66666666666666], [326.6666666666667, 186.66666666666666], [326.6666666666667, 206.66666666666666], [246.66666666666669, 206.66666666666666]], [[248.0, 476.0], [328.0, 476.0], [328.0, 496.0], [248.0, 496.0]], [[284.00000000000006, 316.0], [364.00000000000006, 316.0], [364.00000000000006, 336.0], [284.00000000000006, 336.0]], [[422.00000000000006, 116.0], [502.00000000000006, 116.0], [502.00000000000006, 136.0], [422.00000000000006, 136.0]], [[574.0, 380.0], [654.0, 380.0], [654.0, 400.0], [574.0, 400.0]], [[626.0, 358.0], [706.0, 358.0], [706.0, 378.0], [626.0, 378.0]], [[728.0, 2.0], [808.0, 2.0], [808.0, 22.0], [728.0, 22.0]], [[748.0, 352.0], [828.0, 352.0], [828.0, 372.0], [748.0, 372.0]], [[798.8571428571429, 537.7142857142857], [878.8571428571429, 537.7142857142857], [878.8571428571429, 557.7142857142857], [798.8571428571429, 557.7142857142857]], [[857.3333333333334, 780.0], [937.3333333333334, 780.0], [937.3333333333334, 800.0], [857.3333333333334, 800.0]], [[874.5, 336.0], [954.5, 336.0], [954.5, 356.0], [874.5, 356.0]], [[80.0, 688.5714285714286], [140.0, 688.5714285714286], [140.0, 708.5714285714286], [80.0, 708.5714285714286]], [[80.0, 720.0], [140.0, 720.0], [140.0, 740.0], [80.0, 740.0]], [[86.66666666666666, 126.66666666666666], [146.66666666666666, 126.66666666666666], [146.66666666666666, 146.66666666666666], [86.66666666666666, 146.66666666666666]], [[86.66666666666666, 266.6666666666667], [146.66666666666666, 266.6666666666667], [146.66666666666666, 286.6666666666667], [86.66666666666666, 286.6666666666667]], [[180.0, 473.3333333333333], [240.0, 473.3333333333333], [240.0, 493.3333333333333], [180.0, 493.3333333333333]], [[250.0, 780.0], [310.0, 780.0], [310.0, 800.0], [250.0, 800.0]], [[260.0, 612.0], [320.0, 612.0], [320.0, 632.0], [260.0, 632.0]], [[260.0, 632.0], [320.0, 632.0], [320.0, 652.0], [260.0, 652.0]], [[280.0, 0.0], [340.0, 0.0], [340.0, 20.0], [280.0, 20.0]], [[340.0, 253.33333333333331], [400.0, 253.33333333333331], [400.0, 273.3333333333333], [340.0, 273.3333333333333]], [[488.0, 537.3333333333334], [548.0, 537.3333333333334], [548.0, 557.3333333333334], [488.0, 557.3333333333334]], [[488.0, 557.3333333333334], [548.0, 557.3333333333334], [548.0, 577.3333333333334], [488.0, 577.3333333333334]], [[488.0, 577.3333333333334], [548.0, 577.3333333333334], [548.0, 597.3333333333334], [488.0, 597.3333333333334]], [[568.0, 196.0], [628.0, 196.0], [628.0, 216.0], [568.0, 216.0]], [[568.0, 216.0], [628.0, 216.0], [628.0, 236.0], [568.0, 236.0]]]"
33,"blaz","[0,1]","blaz初始解",750,810000,7,"[0, 0, 0, 0, 1, 1, 1, 1, 2, 2, 2, 2, 3, 3, 3, 3, 4, 4, 4, 4, 5, 5, 5, 5, 6, 6, 6, 6]","[0, 0, 0, 0, 0, 0, 0, 0, 0, 0, 0, 0, 0, 0, 0, 0, 0, 0, 0, 0, 0, 0, 0, 0, 0, 0, 0, 0]","[[[0.0, 50.0], [100.0, 0.0], [200.0, 50.0], [200.0, 200.0], [100.0, 250.0], [0.0, 200.0]], [[0.0, 300.0], [100.0, 250.0], [200.0, 300.0], [200.0, 450.0], [100.0, 500.0], [0.0, 450.0]], [[0.0, 550.0], [100.0, 500.0], [200.0, 550.0], [200.0, 700.0], [100.0, 750.0], [0.0, 700.0]], [[200.0, 50.0], [300.0, 0.0], [400.0, 50.0], [400.0, 200.0], [300.0, 250.0], [200.0, 200.0]], [[250.0, 250.0], [400.0, 250.0], [350.0, 350.0], [400.0, 450.0], [400.0, 500.0], [300.0, 500.0], [200.0, 400.0], [200.0, 300.0]], [[400.0, 500.0], [550.0, 500.0], [500.0, 600.0], [550.0, 700.0], [550.0, 750.0], [450.0, 750.0], [350.0, 650.0], [350.0, 550.0]], [[425.0, 250.0], [575.0, 250.0], [525.0, 350.0], [575.0, 450.0], [575.0, 500.0], [475.0, 500.0], [375.0, 400.0], [375.0, 300.0]], [[525.0, 0.0], [675.0, 0.0], [625.0, 100.0], [675.0, 200.0], [675.0, 250.0], [575.0, 250.0], [475.0, 150.0], [475.0, 50.0]], [[575.0, 500.0], [675.0, 500.0], [725.0, 550.0], [725.0, 650.0], [675.0, 700.0], [575.0, 700.0], [525.0, 650.0], [525.0, 550.0]], [[600.0, 250.0], [700.0, 250.0], [750.0, 300.0], [750.0, 400.0], [700.0, 450.0], [600.0, 450.0], [550.0, 400.0], [550.0, 300.0]], [[700.0, 0.0], [800.0, 0.0], [850.0, 50.0], [850.0, 150.0], [800.0, 200.0], [700.0, 200.0], [650.0, 150.0], [650.0, 50.0]], [[762.5, 387.5], [862.5, 387.5], [912.5, 437.5], [912.5, 537.5], [862.5, 587.5], [762.5, 587.5], [712.5, 537.5], [712.5, 437.5]], [[833.3333333333333, 0.0], [933.3333333333333, 50.0], [1033.3333333333333, 0.0], [983.3333333333333, 100.0], [1033.3333333333333, 250.0], [933.3333333333333, 200.0], [833.3333333333333, 250.0], [883.3333333333333, 150.0]], [[882.5, 347.5], [982.5, 397.5], [1082.5, 347.5], [1032.5, 447.5], [1082.5, 597.5], [982.5, 547.5], [882.5, 597.5], [932.5, 497.5]], [[983.3333333333333, 100.0], [1083.3333333333333, 150.0], [1183.3333333333333, 100.0], [1133.3333333333333, 200.0], [1183.3333333333333, 350.0], [1083.3333333333333, 300.0], [983.3333333333333, 350.0], [1033.3333333333333, 250.0]], [[1032.5, 447.5], [1132.5, 497.5], [1232.5, 447.5], [1182.5, 547.5], [1232.5, 697.5], [1132.5, 647.5], [1032.5, 697.5], [1082.5, 597.5]], [[1083.3333333333333, 0.0], [1333.3333333333333, 0.0], [1333.3333333333333, 250.0], [1283.3333333333333, 250.0], [1233.3333333333333, 150.0], [1183.3333333333333, 100.0], [1083.3333333333333, 50.0]], [[1137.5, 350.0], [1387.5, 350.0], [1387.5, 600.0], [1337.5, 600.0], [1287.5, 500.0], [1237.5, 450.0], [1137.5, 400.0]], [[1287.5, 250.0], [1537.5, 250.0], [1537.5, 500.0], [1487.5, 500.0], [1437.5, 400.0], [1387.5, 350.0], [1287.5, 300.0]], [[1337.5, 0.0], [1587.5, 0.0], [1587.5, 250.0], [1537.5, 250.0], [1487.5, 150.0], [1437.5, 100.0], [1337.5, 50.0]], [[266.6666666666667, 600.0], [366.6666666666667, 750.0], [166.66666666666669, 750.0]], [[758.3333333333334, 600.0], [858.3333333333334, 750.0], [658.3333333333334, 750.0]], [[938.125, 569.6875], [1038.125, 719.6875], [838.125, 719.6875]], [[1297.5, 600.0], [1397.5, 750.0], [1197.5, 750.0]], [[750.0, 250.0], [850.0, 250.0], [850.0, 350.0], [750.0, 350.0]], [[850.0, 241.66666666666663], [950.0, 241.66666666666663], [950.0, 341.66666666666663], [850.0, 341.66666666666663]], [[1333.3333333333333, 97.91666666666663], [1433.3333333333333, 97.91666666666663], [1433.3333333333333, 197.91666666666663], [1333.3333333333333, 197.91666666666663]], [[1364.1666666666667, 600.0], [1464.1666666666667, 600.0], [1464.1666666666667, 700.0], [1364.1666666666667, 700.0]]]"
34,"blaz","[0,1]","blaz优化解，83%不可行",750,810000,7,"[0, 0, 0, 0, 1, 1, 1, 1, 2, 2, 2, 2, 3, 3, 3, 3, 4, 4, 4, 4, 5, 5, 5, 5, 6, 6, 6, 6]","[0, 0, 0, 0, 0, 0, 0, 0, 0, 0, 0, 0, 0, 0, 0, 0, 1, 0, 0, 0, 0, 0, 1, 0, 0, 0, 0, 0]","[[[0.0, 50.0], [100.0, 0.0], [200.0, 50.0], [200.0, 200.0], [100.0, 250.0], [0.0, 200.0]], [[0.0, 300.0], [100.0, 250.0], [200.0, 300.0], [200.0, 450.0], [100.0, 500.0], [0.0, 450.0]], [[0.0, 550.0], [100.0, 500.0], [200.0, 550.0], [200.0, 700.0], [100.0, 750.0], [0.0, 700.0]], [[200.0, 50.0], [300.0, 0.0], [400.0, 50.0], [400.0, 200.0], [300.0, 250.0], [200.0, 200.0]], [[250.0, 250.0], [400.0, 250.0], [350.0, 350.0], [400.0, 450.0], [400.0, 500.0], [300.0, 500.0], [200.0, 400.0], [200.0, 300.0]], [[350.00000000000006, 500.0], [500.00000000000006, 500.0], [450.00000000000006, 600.0], [500.00000000000006, 700.0], [500.00000000000006, 750.0], [400.00000000000006, 750.0], [300.00000000000006, 650.0], [300.00000000000006, 550.0], [350.00000000000006, 500.0]], [[425.0, 250.0], [575.0, 250.0], [525.0, 350.0], [575.0, 450.0], [575.0, 500.0], [475.0, 500.0], [375.0, 400.0], [375.0, 300.0]], [[1119.4041574399998, 0.0], [1269.4041574399998, 0.0], [1219.4041574399998, 100.0], [1269.4041574399998, 200.0], [1269.4041574399998, 250.0], [1169.4041574399998, 250.0], [1069.4041574399998, 150.0], [1069.4041574399998, 50.0], [1119.4041574399998, 0.0]], [[525.0, 500.0], [625.0, 500.0], [675.0, 550.0], [675.0, 650.0], [625.0, 700.0], [525.0, 700.0], [475.0, 650.0], [475.0, 550.0], [525.0, 500.0]], [[600.0, 250.0], [700.0, 250.0], [750.0, 300.0], [750.0, 400.0], [700.0, 450.0], [600.0, 450.0], [550.0, 400.0], [550.0, 300.0]], [[700.0, 0.0], [800.0, 0.0], [850.0, 50.0], [850.0, 150.0], [800.0, 200.0], [700.0, 200.0], [650.0, 150.0], [650.0, 50.0]], [[761.9791666666666, 388.02083333333337], [861.9791666666666, 388.02083333333337], [911.9791666666666, 438.02083333333337], [911.9791666666666, 538.0208333333334], [861.9791666666666, 588.0208333333334], [761.9791666666666, 588.0208333333334], [711.9791666666666, 538.0208333333334], [711.9791666666666, 438.02083333333337], [761.9791666666666, 388.02083333333337]], [[833.3333333333333, 0.0], [933.3333333333333, 50.0], [1033.3333333333333, 0.0], [983.3333333333333, 100.0], [1033.3333333333333, 250.0], [933.3333333333333, 200.0], [833.3333333333333, 250.0], [883.3333333333333, 150.0], [833.3333333333333, 0.0]], [[882.4999999999998, 349.58333333333337], [982.4999999999998, 399.58333333333337], [1082.4999999999998, 349.58333333333337], [1032.4999999999998, 449.58333333333337], [1082.4999999999998, 599.5833333333334], [982.4999999999998, 549.5833333333334], [882.4999999999998, 599.5833333333334], [932.4999999999998, 499.58333333333337], [882.4999999999998, 349.58333333333337]], [[850.0, 115.83333333333326], [950.0, 165.83333333333326], [1050.0, 115.83333333333326], [1000.0, 215.83333333333326], [1050.0, 365.83333333333326], [950.0, 315.83333333333326], [850.0, 365.83333333333326], [900.0, 265.83333333333326], [850.0, 115.83333333333326]], [[911.9791666666665, 440.62500000000034], [1011.9791666666665, 490.62500000000034], [1111.9791666666665, 440.62500000000034], [1061.9791666666665, 540.6250000000003], [1111.9791666666665, 690.6250000000003], [1011.9791666666665, 640.6250000000003], [911.9791666666665, 690.6250000000003], [961.9791666666665, 590.6250000000003], [911.9791666666665, 440.62500000000034]], [[650.0, 250.0], [400.0, 250.0], [400.0, 0.0], [450.0, 0.0], [500.0, 100.0], [550.0, 150.0], [650.0, 200.0], [650.0, 250.0]], [[1042.4999999999998, 429.58333333333337], [1292.4999999999998, 429.58333333333337], [1292.4999999999998, 679.5833333333334], [1242.4999999999998, 679.5833333333334], [1192.4999999999998, 579.5833333333334], [1142.4999999999998, 529.5833333333334], [1042.4999999999998, 479.58333333333337], [1042.4999999999998, 429.58333333333337]], [[1033.3333333333333, 250.0], [1283.3333333333333, 250.0], [1283.3333333333333, 500.0], [1233.3333333333333, 500.0], [1183.3333333333333, 400.0], [1133.3333333333333, 350.0], [1033.3333333333333, 300.0], [1033.3333333333333, 250.0]], [[350.0, 0.0], [600.0, 0.0], [600.0, 250.0], [550.0, 250.0], [500.0, 150.0], [450.0, 100.0], [350.0, 50.0], [350.0, 0.0]], [[266.6666666666667, 600.0], [366.6666666666667, 750.0], [166.66666666666669, 750.0]], [[757.7777777777777, 600.0], [857.7777777777777, 750.0], [657.7777777777777, 750.0], [757.7777777777777, 600.0]], [[857.5, 749.5833333333334], [757.5, 599.5833333333334], [957.5, 599.5833333333334], [857.5, 749.5833333333334]], [[1172.3958333333335, 600.0], [1272.3958333333335, 750.0], [1072.3958333333335, 750.0], [1172.3958333333335, 600.0]], [[1194.4041574399998, 150.0], [1294.4041574399998, 150.0], [1294.4041574399998, 250.0], [1194.4041574399998, 250.0], [1194.4041574399998, 150.0]], [[750.0, 288.02083333333337], [850.0, 288.02083333333337], [850.0, 388.02083333333337], [750.0, 388.02083333333337], [750.0, 288.02083333333337]], [[923.8888888888889, 650.0], [1023.8888888888889, 650.0], [1023.8888888888889, 750.0], [923.8888888888889, 750.0], [923.8888888888889, 650.0]], [[200.0, 500.0], [300.0, 500.0], [300.0, 600.0], [200.0, 600.0], [200.0, 500.0]]]"
35,"blaz","[0,1]","blaz优化解，70%可行",750,810000,7,"[0, 0, 0, 0, 1, 1, 1, 1, 2, 2, 2, 2, 3, 3, 3, 3, 4, 4, 4, 4, 5, 5, 5, 5, 6, 6, 6, 6]","[0, 0, 0, 0, 0, 0, 0, 0, 0, 0, 0, 0, 0, 0, 0, 0, 1, 1, 0, 0, 0, 0, 0, 0, 0, 0, 0, 0]","[[[0.0, 50.0], [100.0, 0.0], [200.0, 50.0], [200.0, 200.0], [100.0, 250.0], [0.0, 200.0]], [[0.0, 300.0], [100.0, 250.0], [200.0, 300.0], [200.0, 450.0], [100.0, 500.0], [0.0, 450.0]], [[0.0, 550.0], [100.0, 500.0], [200.0, 550.0], [200.0, 700.0], [100.0, 750.0], [0.0, 700.0]], [[200.0, 50.0], [300.0, 0.0], [400.0, 50.0], [400.0, 200.0], [300.0, 250.0], [200.0, 200.0]], [[250.0, 250.0], [400.0, 250.0], [350.0, 350.0], [400.0, 450.0], [400.0, 500.0], [300.0, 500.0], [200.0, 400.0], [200.0, 300.0]], [[400.0, 500.0], [550.0, 500.0], [500.0, 600.0], [550.0, 700.0], [550.0, 750.0], [450.0, 750.0], [350.0, 650.0], [350.0, 550.0]], [[425.0, 250.0], [575.0, 250.0], [525.0, 350.0], [575.0, 450.0], [575.0, 500.0], [475.0, 500.0], [375.0, 400.0], [375.0, 300.0]], [[525.0, 0.0], [675.0, 0.0], [625.0, 100.0], [675.0, 200.0], [675.0, 250.0], [575.0, 250.0], [475.0, 150.0], [475.0, 50.0]], [[575.0, 500.0], [675.0, 500.0], [725.0, 550.0], [725.0, 650.0], [675.0, 700.0], [575.0, 700.0], [525.0, 650.0], [525.0, 550.0]], [[600.0, 250.0], [700.0, 250.0], [750.0, 300.0], [750.0, 400.0], [700.0, 450.0], [600.0, 450.0], [550.0, 400.0], [550.0, 300.0]], [[700.0, 0.0], [800.0, 0.0], [850.0, 50.0], [850.0, 150.0], [800.0, 200.0], [700.0, 200.0], [650.0, 150.0], [650.0, 50.0]], [[762.5, 387.5], [862.5, 387.5], [912.5, 437.5], [912.5, 537.5], [862.5, 587.5], [762.5, 587.5], [712.5, 537.5], [712.5, 437.5]], [[833.3333333333333, 0.0], [933.3333333333333, 50.0], [1033.3333333333333, 0.0], [983.3333333333333, 100.0], [1033.3333333333333, 250.0], [933.3333333333333, 200.0], [833.3333333333333, 250.0], [883.3333333333333, 150.0]], [[882.5, 347.5], [982.5, 397.5], [1082.5, 347.5], [1032.5, 447.5], [1082.5, 597.5], [982.5, 547.5], [882.5, 597.5], [932.5, 497.5]], [[983.3333333333333, 100.0], [1083.3333333333333, 150.0], [1183.3333333333333, 100.0], [1133.3333333333333, 200.0], [1183.3333333333333, 350.0], [1083.3333333333333, 300.0], [983.3333333333333, 350.0], [1033.3333333333333, 250.0]], [[1032.5, 447.5], [1132.5, 497.5], [1232.5, 447.5], [1182.5, 547.5], [1232.5, 697.5], [1132.5, 647.5], [1032.5, 697.5], [1082.5, 597.5]], [[1433.3333333333333, 250.0], [1183.3333333333333, 250.0], [1183.3333333333333, 0.0], [1233.3333333333333, 0.0], [1283.3333333333333, 100.0], [1333.3333333333333, 150.0], [1433.3333333333333, 200.0], [1433.3333333333333, 250.0]], [[1482.5, 600.0], [1232.5, 600.0], [1232.5, 350.0], [1282.5, 350.0], [1332.5, 450.0], [1382.5, 500.0], [1482.5, 550.0], [1482.5, 600.0]], [[1274.0, 250.0], [1524.0, 250.0], [1524.0, 500.0], [1474.0, 500.0], [1424.0, 400.0], [1374.0, 350.0], [1274.0, 300.0]], [[1274.0, 0.0], [1524.0, 0.0], [1524.0, 250.0], [1474.0, 250.0], [1424.0, 150.0], [1374.0, 100.0], [1274.0, 50.0]], [[266.6666666666667, 600.0], [366.6666666666667, 750.0], [166.66666666666669, 750.0]], [[758.3333333333334, 600.0], [858.3333333333334, 750.0], [658.3333333333334, 750.0]], [[938.125, 569.6875], [1038.125, 719.6875], [838.125, 719.6875]], [[1297.5, 600.0], [1397.5, 750.0], [1197.5, 750.0]], [[750.0, 250.0], [850.0, 250.0], [850.0, 350.0], [750.0, 350.0]], [[850.0, 241.66666666666663], [950.0, 241.66666666666663], [950.0, 341.66666666666663], [850.0, 341.66666666666663]], [[200.0, 500.0], [300.0, 500.0], [300.0, 600.0], [200.0, 600.0], [200.0, 500.0]], [[1364.1666666666667, 600.0], [1464.1666666666667, 600.0], [1464.1666666666667, 700.0], [1364.1666666666667, 700.0]]]"
36,"blaz","[0,1]","blaz优化解，73%可行",750,810000,7,"[0, 0, 0, 0, 1, 1, 1, 1, 2, 2, 2, 2, 3, 3, 3, 3, 4, 4, 4, 4, 5, 5, 5, 5, 6, 6, 6, 6]","[0, 0, 0, 0, 0, 0, 0, 0, 0, 0, 0, 0, 0, 0, 0, 0, 0, 0, 0, 1, 0, 0, 0, 0, 0, 0, 0, 0]","[[[0.0, 50.0], [100.0, 0.0], [200.0, 50.0], [200.0, 200.0], [100.0, 250.0], [0.0, 200.0]], [[0.0, 300.0], [100.0, 250.0], [200.0, 300.0], [200.0, 450.0], [100.0, 500.0], [0.0, 450.0]], [[0.0, 550.0], [100.0, 500.0], [200.0, 550.0], [200.0, 700.0], [100.0, 750.0], [0.0, 700.0]], [[200.0, 50.0], [300.0, 0.0], [400.0, 50.0], [400.0, 200.0], [300.0, 250.0], [200.0, 200.0]], [[250.0, 250.0], [400.0, 250.0], [350.0, 350.0], [400.0, 450.0], [400.0, 500.0], [300.0, 500.0], [200.0, 400.0], [200.0, 300.0]], [[350.0, 499.9999999999999], [500.0, 499.9999999999999], [450.0, 599.9999999999999], [500.0, 699.9999999999999], [500.0, 749.9999999999999], [400.0, 749.9999999999999], [300.0, 649.9999999999999], [300.0, 549.9999999999999], [350.0, 499.9999999999999]], [[425.0, 250.0], [575.0, 250.0], [525.0, 350.0], [575.0, 450.0], [575.0, 500.0], [475.0, 500.0], [375.0, 400.0], [375.0, 300.0]], [[1313.04, 0.0], [1463.04, 0.0], [1413.04, 100.0], [1463.04, 200.0], [1463.04, 250.0], [1363.04, 250.0], [1263.04, 150.0], [1263.04, 50.0], [1313.04, 0.0]], [[568.75, 509.3750000000001], [668.75, 509.3750000000001], [718.75, 559.3750000000001], [718.75, 659.3750000000001], [668.75, 709.3750000000001], [568.75, 709.3750000000001], [518.75, 659.3750000000001], [518.75, 559.3750000000001], [568.75, 509.3750000000001]], [[600.0, 250.0], [700.0, 250.0], [750.0, 300.0], [750.0, 400.0], [700.0, 450.0], [600.0, 450.0], [550.0, 400.0], [550.0, 300.0]], [[666.6666666666665, 0.0], [766.6666666666665, 0.0], [816.6666666666665, 50.0], [816.6666666666665, 150.0], [766.6666666666665, 200.0], [666.6666666666665, 200.0], [616.6666666666665, 150.0], [616.6666666666665, 50.0], [666.6666666666665, 0.0]], [[754.6875, 395.3125000000001], [854.6875, 395.3125000000001], [904.6875, 445.3125000000001], [904.6875, 545.3125000000001], [854.6875, 595.3125000000001], [754.6875, 595.3125000000001], [704.6875, 545.3125000000001], [704.6875, 445.3125000000001], [754.6875, 395.3125000000001]], [[799.9999999999999, 0.0], [899.9999999999999, 50.0], [999.9999999999999, 0.0], [949.9999999999999, 100.0], [999.9999999999999, 250.0], [899.9999999999999, 200.0], [799.9999999999999, 250.0], [849.9999999999999, 150.0], [799.9999999999999, 0.0]], [[874.6875, 355.3125000000001], [974.6875, 405.3125000000001], [1074.6875, 355.3125000000001], [1024.6875, 455.3125000000001], [1074.6875, 605.3125000000001], [974.6875, 555.3125000000001], [874.6875, 605.3125000000001], [924.6875, 505.3125000000001], [874.6875, 355.3125000000001]], [[963.04, 150.0], [1063.04, 200.0], [1163.04, 150.0], [1113.04, 250.0], [1163.04, 400.0], [1063.04, 350.0], [963.04, 400.0], [1013.04, 300.0], [963.04, 150.0]], [[1032.5, 447.5], [1132.5, 497.5], [1232.5, 447.5], [1182.5, 547.5], [1232.5, 697.5], [1132.5, 647.5], [1032.5, 697.5], [1082.5, 597.5]], [[1013.04, 0.0], [1263.04, 0.0], [1263.04, 250.0], [1213.04, 250.0], [1163.04, 150.0], [1113.04, 100.0], [1013.04, 50.0], [1013.04, 0.0]], [[1206.25, 500.0], [1456.25, 500.0], [1456.25, 750.0], [1406.25, 750.0], [1356.25, 650.0], [1306.25, 600.0], [1206.25, 550.0], [1206.25, 500.0]], [[1213.04, 250.0], [1463.04, 250.0], [1463.04, 500.0], [1413.04, 500.0], [1363.04, 400.0], [1313.04, 350.0], [1213.04, 300.0]], [[650.0, 250.0], [400.0, 250.0], [400.0, 0.0], [450.0, 0.0], [500.0, 100.0], [550.0, 150.0], [650.0, 200.0], [650.0, 250.0]], [[266.6666666666667, 600.0], [366.6666666666667, 750.0], [166.66666666666669, 750.0]], [[758.3333333333334, 600.0], [858.3333333333334, 750.0], [658.3333333333334, 750.0]], [[967.5, 599.9999999999999], [1067.5, 749.9999999999999], [867.5, 749.9999999999999], [967.5, 599.9999999999999]], [[1297.5, 600.0], [1397.5, 750.0], [1197.5, 750.0]], [[750.0, 250.0], [850.0, 250.0], [850.0, 350.0], [750.0, 350.0]], [[850.0, 241.66666666666663], [950.0, 241.66666666666663], [950.0, 341.66666666666663], [850.0, 341.66666666666663]], [[200.0, 500.0], [300.0, 500.0], [300.0, 600.0], [200.0, 600.0], [200.0, 500.0]], [[1208.04, 347.5], [1308.04, 347.5], [1308.04, 447.5], [1208.04, 447.5], [1208.04, 347.5]]]"
37,"blaz","[0,1]","blaz优化解，76%可行",750,810000,7,"[0, 0, 0, 0, 1, 1, 1, 1, 2, 2, 2, 2, 3, 3, 3, 3, 4, 4, 4, 4, 5, 5, 5, 5, 6, 6, 6, 6]","[0, 0, 0, 0, 0, 0, 0, 0, 0, 0, 0, 0, 0, 0, 0, 0, 0, 0, 0, 1, 0, 0, 0, 1, 0, 0, 0, 0]","[[[798.66856, 272.07508], [898.66856, 222.07508], [998.66856, 272.07508], [998.66856, 422.07508], [898.66856, 472.07508], [798.66856, 422.07508], [798.66856, 272.07508]], [[52.77777777777783, 326.3888888888889], [152.77777777777783, 276.3888888888889], [252.77777777777783, 326.3888888888889], [252.77777777777783, 476.3888888888889], [152.77777777777783, 526.3888888888889], [52.77777777777783, 476.3888888888889], [52.77777777777783, 326.3888888888889]], [[1.4210854715202004e-14, 550.0], [100.00000000000001, 500.0], [200.0, 550.0], [200.0, 700.0], [100.00000000000001, 750.0], [1.4210854715202004e-14, 700.0], [1.4210854715202004e-14, 550.0]], [[1204.5184, 300.0], [1304.5184, 250.0], [1404.5184, 300.0], [1404.5184, 450.0], [1304.5184, 500.0], [1204.5184, 450.0], [1204.5184, 300.0]], [[302.7777777777778, 250.0], [452.7777777777778, 250.0], [402.7777777777778, 350.0], [452.7777777777778, 450.0], [452.7777777777778, 500.0], [352.7777777777778, 500.0], [252.77777777777783, 400.0], [252.77777777777783, 300.0], [302.7777777777778, 250.0]], [[355.55555555555566, 500.0], [505.55555555555566, 500.0], [455.55555555555566, 600.0], [505.55555555555566, 700.0], [505.55555555555566, 750.0], [405.55555555555566, 750.0], [305.55555555555566, 650.0], [305.55555555555566, 550.0], [355.55555555555566, 500.0]], [[477.7777777777778, 250.0], [627.7777777777778, 250.0], [577.7777777777778, 350.0], [627.7777777777778, 450.0], [627.7777777777778, 500.0], [527.7777777777778, 500.0], [427.7777777777778, 400.0], [427.7777777777778, 300.0], [477.7777777777778, 250.0]], [[1254.5184, 0.0], [1404.5184, 0.0], [1354.5184, 100.0], [1404.5184, 200.0], [1404.5184, 250.0], [1304.5184, 250.0], [1204.5184, 150.0], [1204.5184, 50.0], [1254.5184, 0.0]], [[530.5555555555557, 500.0], [630.5555555555557, 500.0], [680.5555555555557, 550.0], [680.5555555555557, 650.0], [630.5555555555557, 700.0], [530.5555555555557, 700.0], [480.55555555555566, 650.0], [480.55555555555566, 550.0], [530.5555555555557, 500.0]], [[652.7777777777778, 250.0], [752.7777777777778, 250.0], [802.7777777777778, 300.0], [802.7777777777778, 400.0], [752.7777777777778, 450.0], [652.7777777777778, 450.0], [602.7777777777778, 400.0], [602.7777777777778, 300.0], [652.7777777777778, 250.0]], [[634.5183999999999, 40.0], [734.5183999999999, 40.0], [784.5183999999999, 90.0], [784.5183999999999, 190.0], [734.5183999999999, 240.0], [634.5183999999999, 240.0], [584.5183999999999, 190.0], [584.5183999999999, 90.0], [634.5183999999999, 40.0]], [[50.0, 77.77777777777783], [150.0, 77.77777777777783], [200.0, 127.77777777777783], [200.0, 227.77777777777783], [150.0, 277.7777777777778], [50.0, 277.7777777777778], [0.0, 227.77777777777783], [0.0, 127.77777777777783], [50.0, 77.77777777777783]], [[754.5183999999999, 0.0], [854.5183999999999, 50.0], [954.5183999999999, 0.0], [904.5183999999999, 100.0], [954.5183999999999, 250.0], [854.5183999999999, 200.0], [754.5183999999999, 250.0], [804.5183999999999, 150.0], [754.5183999999999, 0.0]], [[791.7516266666667, 425.53354666666667], [891.7516266666667, 475.53354666666667], [991.7516266666667, 425.53354666666667], [941.7516266666667, 525.5335466666667], [991.7516266666667, 675.5335466666667], [891.7516266666667, 625.5335466666667], [791.7516266666667, 675.5335466666667], [841.7516266666667, 575.5335466666667], [791.7516266666667, 425.53354666666667]], [[995.7994264550266, 250.0], [1095.7994264550266, 300.0], [1195.7994264550266, 250.0], [1145.7994264550266, 350.0], [1195.7994264550266, 500.0], [1095.7994264550266, 450.0], [995.7994264550266, 500.0], [1045.7994264550266, 400.0], [995.7994264550266, 250.0]], [[954.5183999999999, 500.0], [1054.5184, 550.0], [1154.5184, 500.0], [1104.5184, 600.0], [1154.5184, 750.0], [1054.5184, 700.0], [954.5183999999999, 750.0], [1004.5183999999999, 650.0], [954.5183999999999, 500.0]], [[954.5183999999999, 0.0], [1204.5184, 0.0], [1204.5184, 250.0], [1154.5184, 250.0], [1104.5184, 150.0], [1054.5184, 100.0], [954.5183999999999, 50.0], [954.5183999999999, 0.0]], [[1154.5184, 500.0], [1404.5184, 500.0], [1404.5184, 750.0], [1354.5184, 750.0], [1304.5184, 650.0], [1254.5184, 600.0], [1154.5184, 550.0], [1154.5184, 500.0]], [[94.44444444444434, 0.0], [344.44444444444434, 0.0], [344.44444444444434, 250.0], [294.44444444444434, 250.0], [244.44444444444434, 150.0], [194.44444444444434, 100.0], [94.44444444444434, 50.0], [94.44444444444434, 0.0]], [[594.4444444444443, 250.0], [344.44444444444434, 250.0], [344.44444444444434, 0.0], [394.44444444444434, 0.0], [444.44444444444434, 100.0], [494.44444444444434, 150.0], [594.4444444444443, 200.0], [594.4444444444443, 250.0]], [[266.6666666666667, 600.0], [366.6666666666667, 750.0], [166.66666666666669, 750.0]], [[741.3959288888889, 600.0], [841.3959288888889, 750.0], [641.3959288888889, 750.0], [741.3959288888889, 600.0]], [[1254.5184, 600.0], [1354.5184, 750.0], [1154.5184, 750.0], [1254.5184, 600.0]], [[494.44444444444434, 150.0], [394.44444444444434, 0.0], [594.4444444444443, 0.0], [494.44444444444434, 150.0]], [[1007.4247245149911, 155.81264902998223], [1107.424724514991, 155.81264902998223], [1107.424724514991, 255.81264902998223], [1007.4247245149911, 255.81264902998223], [1007.4247245149911, 155.81264902998223]], [[713.5504666666667, 500.0], [813.5504666666667, 500.0], [813.5504666666667, 600.0], [713.5504666666667, 600.0], [713.5504666666667, 500.0]], [[205.55555555555566, 500.0], [305.55555555555566, 500.0], [305.55555555555566, 600.0], [205.55555555555566, 600.0], [205.55555555555566, 500.0]], [[841.3959288888889, 650.0], [941.3959288888889, 650.0], [941.3959288888889, 750.0], [841.3959288888889, 750.0], [841.3959288888889, 650.0]]]"
38,"blaz","[0,1]","blaz优化解，76%可行",750,810000,7,"[0, 0, 0, 0, 1, 1, 1, 1, 2, 2, 2, 2, 3, 3, 3, 3, 4, 4, 4, 4, 5, 5, 5, 5, 6, 6, 6, 6]","[0, 0, 0, 0, 1, 0, 1, 0, 0, 0, 0, 0, 0, 0, 0, 0, 0, 1, 0, 1, 1, 1, 0, 0, 0, 0, 0, 0]","[[[297.0522498506765, 75.0], [397.0522498506765, 25.0], [497.0522498506765, 75.0], [497.0522498506765, 225.0], [397.0522498506765, 275.0], [297.0522498506765, 225.0], [297.0522498506765, 75.0]], [[1200.2243235618635, 50.0], [1300.2243235618635, 0.0], [1400.2243235618635, 50.0], [1400.2243235618635, 200.0], [1300.2243235618635, 250.0], [1200.2243235618635, 200.0], [1200.2243235618635, 50.0]], [[400.15435925327665, 294.69128149344715], [500.15435925327665, 244.69128149344715], [600.1543592532767, 294.69128149344715], [600.1543592532767, 444.69128149344715], [500.15435925327665, 494.69128149344715], [400.15435925327665, 444.69128149344715], [400.15435925327665, 294.69128149344715]], [[362.5, 550.0], [462.5, 500.0], [562.5, 550.0], [562.5, 700.0], [462.5, 750.0], [362.5, 700.0], [362.5, 550.0]], [[1161.3607163978845, 500.0], [1011.3607163978845, 500.0], [1061.3607163978845, 400.0], [1011.3607163978845, 300.0], [1011.3607163978845, 250.0], [1111.3607163978845, 250.0], [1211.3607163978845, 350.0], [1211.3607163978845, 450.0], [1161.3607163978845, 500.0]], [[1044.6144168159901, 0.0], [1194.6144168159901, 0.0], [1144.6144168159901, 100.0], [1194.6144168159901, 200.0], [1194.6144168159901, 250.0], [1094.6144168159901, 250.0], [994.6144168159901, 150.0], [994.6144168159901, 50.0], [1044.6144168159901, 0.0]], [[1025.2243235618635, 731.9318035819895], [875.2243235618635, 731.9318035819895], [925.2243235618635, 631.9318035819895], [875.2243235618635, 531.9318035819895], [875.2243235618635, 481.93180358198947], [975.2243235618635, 481.93180358198947], [1075.2243235618635, 581.9318035819895], [1075.2243235618635, 681.9318035819895], [1025.2243235618635, 731.9318035819895]], [[50.0, 0.0], [200.0, 0.0], [150.0, 100.0], [200.0, 200.0], [200.0, 250.0], [100.0, 250.0], [0.0, 150.0], [0.0, 50.0], [50.0, 0.0]], [[212.5, 481.25], [312.5, 481.25], [362.5, 531.25], [362.5, 631.25], [312.5, 681.25], [212.5, 681.25], [162.5, 631.25], [162.5, 531.25], [212.5, 481.25]], [[250.0, 254.4216252239852], [350.0, 254.4216252239852], [400.0, 304.4216252239852], [400.0, 404.4216252239852], [350.0, 454.4216252239852], [250.0, 454.4216252239852], [200.0, 404.4216252239852], [200.0, 304.4216252239852], [250.0, 254.4216252239852]], [[687.5105173984715, 0.0], [787.5105173984715, 0.0], [837.5105173984715, 50.0], [837.5105173984715, 150.0], [787.5105173984715, 200.0], [687.5105173984715, 200.0], [637.5105173984715, 150.0], [637.5105173984715, 50.0], [687.5105173984715, 0.0]], [[50.0, 250.0], [150.0, 250.0], [200.0, 300.0], [200.0, 400.0], [150.0, 450.0], [50.0, 450.0], [0.0, 400.0], [0.0, 300.0], [50.0, 250.0]], [[1186.3607163978845, 250.0], [1286.3607163978845, 300.0], [1386.3607163978845, 250.0], [1336.3607163978845, 350.0], [1386.3607163978845, 500.0], [1286.3607163978845, 450.0], [1186.3607163978845, 500.0], [1236.3607163978845, 400.0], [1186.3607163978845, 250.0]], [[786.3607163978845, 237.5], [886.3607163978845, 287.5], [986.3607163978845, 237.5], [936.3607163978845, 337.5], [986.3607163978845, 487.5], [886.3607163978845, 437.5], [786.3607163978845, 487.5], [836.3607163978845, 387.5], [786.3607163978845, 237.5]], [[581.4218503304234, 232.15629933915375], [681.4218503304234, 282.15629933915375], [781.4218503304234, 232.15629933915375], [731.4218503304234, 332.15629933915375], [781.4218503304234, 482.15629933915375], [681.4218503304234, 432.15629933915375], [581.4218503304234, 482.15629933915375], [631.4218503304234, 382.15629933915375], [581.4218503304234, 232.15629933915375]], [[819.6144168159901, 0.0], [919.6144168159901, 50.0], [1019.6144168159901, 0.0], [969.6144168159901, 100.0], [1019.6144168159901, 250.0], [919.6144168159901, 200.0], [819.6144168159901, 250.0], [869.6144168159901, 150.0], [819.6144168159901, 0.0]], [[525.2243235618635, 482.15629933915375], [775.2243235618635, 482.15629933915375], [775.2243235618635, 732.1562993391537], [725.2243235618635, 732.1562993391537], [675.2243235618635, 632.1562993391537], [625.2243235618635, 582.1562993391537], [525.2243235618635, 532.1562993391537], [525.2243235618635, 482.15629933915375]], [[1325.2243235618635, 750.0], [1075.2243235618635, 750.0], [1075.2243235618635, 500.0], [1125.2243235618635, 500.0], [1175.2243235618635, 600.0], [1225.2243235618635, 650.0], [1325.2243235618635, 700.0], [1325.2243235618635, 750.0]], [[1150.2243235618635, 500.0], [1400.2243235618635, 500.0], [1400.2243235618635, 750.0], [1350.2243235618635, 750.0], [1300.2243235618635, 650.0], [1250.2243235618635, 600.0], [1150.2243235618635, 550.0], [1150.2243235618635, 500.0]], [[250.0, 750.0], [0.0, 750.0], [0.0, 500.0], [50.0, 500.0], [100.0, 600.0], [150.0, 650.0], [250.0, 700.0], [250.0, 750.0]], [[116.66666666666667, 600.0], [16.66666666666667, 450.0], [216.66666666666669, 450.0], [116.66666666666667, 600.0]], [[547.0522498506765, 150.0], [447.0522498506765, 0.0], [647.0522498506765, 0.0], [547.0522498506765, 150.0]], [[633.5576568951968, 600.0], [733.5576568951968, 750.0], [533.5576568951968, 750.0], [633.5576568951968, 600.0]], [[592.281383624574, 82.15629933915375], [692.281383624574, 232.15629933915375], [492.281383624574, 232.15629933915375], [592.281383624574, 82.15629933915375]], [[200.0, 117.68650089594053], [300.0, 117.68650089594053], [300.0, 217.68650089594053], [200.0, 217.68650089594053], [200.0, 117.68650089594053]], [[775.2243235618635, 487.5], [875.2243235618635, 487.5], [875.2243235618635, 587.5], [775.2243235618635, 587.5], [775.2243235618635, 487.5]], [[786.3607163978845, 600.0], [886.3607163978845, 600.0], [886.3607163978845, 700.0], [786.3607163978845, 700.0], [786.3607163978845, 600.0]], [[191.15674955202974, 17.686500895940526], [291.15674955202974, 17.686500895940526], [291.15674955202974, 117.68650089594053], [191.15674955202974, 117.68650089594053], [191.15674955202974, 17.686500895940526]]]"
39,"shapes2_clus","[0,1]","shapes2_clus初始解",750,765000,8,"[0, 1, 2, 3, 3, 3, 3, 4, 4, 4, 4, 5, 5, 5, 5, 6, 6, 6, 6, 7, 7, 7, 7]","[0, 0, 0, 0, 0, 0, 0, 0, 0, 0, 0, 0, 0, 0, 0, 0, 0, 0, 0, 0, 0, 0, 0]","[[[150.0, 500.0], [200.0, 650.0], [100.0, 600.0], [0.0, 650.0], [50.0, 550.0], [0.0, 400.0], [0.0, 250.0], [50.0, 150.0], [0.0, 0.0], [100.0, 50.0], [200.0, 0.0], [150.0, 100.0], [200.0, 250.0], [200.0, 400.0]], [[183.33333333333331, 50.0], [283.3333333333333, 0.0], [383.3333333333333, 50.0], [383.3333333333333, 200.0], [333.3333333333333, 300.0], [383.3333333333333, 450.0], [383.3333333333333, 600.0], [283.3333333333333, 650.0], [183.33333333333331, 600.0], [183.33333333333331, 450.0], [233.33333333333331, 350.0], [183.33333333333331, 200.0]], [[363.33333333333326, 240.0], [463.33333333333326, 190.0], [563.3333333333333, 240.0], [563.3333333333333, 390.0], [513.3333333333333, 490.0], [563.3333333333333, 640.0], [463.33333333333326, 590.0], [363.33333333333326, 640.0], [413.33333333333326, 540.0], [363.33333333333326, 390.0]], [[483.33333333333326, 0.0], [583.3333333333333, 0.0], [633.3333333333333, 50.0], [633.3333333333333, 150.0], [583.3333333333333, 200.0], [483.33333333333326, 200.0], [433.33333333333326, 150.0], [433.33333333333326, 50.0], [483.33333333333326, 0.0]], [[583.3333333333333, 400.0], [683.3333333333333, 400.0], [733.3333333333333, 450.0], [733.3333333333333, 550.0], [683.3333333333333, 600.0], [583.3333333333333, 600.0], [533.3333333333333, 550.0], [533.3333333333333, 450.0], [583.3333333333333, 400.0]], [[613.3333333333333, 170.0], [713.3333333333333, 170.0], [763.3333333333333, 220.0], [763.3333333333333, 320.0], [713.3333333333333, 370.0], [613.3333333333333, 370.0], [563.3333333333333, 320.0], [563.3333333333333, 220.0], [613.3333333333333, 170.0]], [[733.3333333333333, 550.0], [833.3333333333333, 550.0], [883.3333333333333, 600.0], [883.3333333333333, 700.0], [833.3333333333333, 750.0], [733.3333333333333, 750.0], [683.3333333333333, 700.0], [683.3333333333333, 600.0], [733.3333333333333, 550.0]], [[733.3333333333333, 130.0], [833.3333333333333, 180.0], [933.3333333333333, 130.0], [883.3333333333333, 230.0], [933.3333333333333, 380.0], [833.3333333333333, 330.0], [733.3333333333333, 380.0], [783.3333333333333, 280.0], [733.3333333333333, 130.0]], [[858.3333333333333, 500.0], [958.3333333333333, 550.0], [1058.3333333333333, 500.0], [1008.3333333333333, 600.0], [1058.3333333333333, 750.0], [958.3333333333333, 700.0], [858.3333333333333, 750.0], [908.3333333333333, 650.0], [858.3333333333333, 500.0]], [[883.3333333333333, 230.0], [983.3333333333333, 280.0], [1083.3333333333333, 230.0], [1033.3333333333333, 330.0], [1083.3333333333333, 480.0], [983.3333333333333, 430.0], [883.3333333333333, 480.0], [933.3333333333333, 380.0], [883.3333333333333, 230.0]], [[923.3333333333333, 0.0], [1023.3333333333333, 50.0], [1123.3333333333333, 0.0], [1073.3333333333333, 100.0], [1123.3333333333333, 250.0], [1023.3333333333333, 200.0], [923.3333333333333, 250.0], [973.3333333333333, 150.0], [923.3333333333333, 0.0]], [[1043.3333333333333, 310.0], [1293.3333333333333, 310.0], [1293.3333333333333, 560.0], [1243.3333333333333, 560.0], [1193.3333333333333, 460.0], [1143.3333333333333, 410.0], [1043.3333333333333, 360.0], [1043.3333333333333, 310.0]], [[1093.3333333333333, 60.0], [1343.3333333333333, 60.0], [1343.3333333333333, 310.0], [1293.3333333333333, 310.0], [1243.3333333333333, 210.0], [1193.3333333333333, 160.0], [1093.3333333333333, 110.0], [1093.3333333333333, 60.0]], [[1293.3333333333333, 310.0], [1543.3333333333333, 310.0], [1543.3333333333333, 560.0], [1493.3333333333333, 560.0], [1443.3333333333333, 460.0], [1393.3333333333333, 410.0], [1293.3333333333333, 360.0], [1293.3333333333333, 310.0]], [[1323.3333333333333, 0.0], [1573.3333333333333, 0.0], [1573.3333333333333, 250.0], [1523.3333333333333, 250.0], [1473.3333333333333, 150.0], [1423.3333333333333, 100.0], [1323.3333333333333, 50.0], [1323.3333333333333, 0.0]], [[443.33333333333326, 600.0], [543.3333333333333, 750.0], [343.33333333333326, 750.0], [443.33333333333326, 600.0]], [[1108.3333333333333, 450.0], [1208.3333333333333, 600.0], [1008.3333333333333, 600.0], [1108.3333333333333, 450.0]], [[1183.3333333333333, 160.0], [1283.3333333333333, 310.0], [1083.3333333333333, 310.0], [1183.3333333333333, 160.0]], [[1208.3333333333333, 600.0], [1308.3333333333333, 750.0], [1108.3333333333333, 750.0], [1208.3333333333333, 600.0]], [[0.0, 650.0], [100.0, 650.0], [100.0, 750.0], [0.0, 750.0], [0.0, 650.0]], [[536.6666666666666, 640.0], [636.6666666666666, 640.0], [636.6666666666666, 740.0], [536.6666666666666, 740.0], [536.6666666666666, 640.0]], [[633.3333333333333, 0.0], [733.3333333333333, 0.0], [733.3333333333333, 100.0], [633.3333333333333, 100.0], [633.3333333333333, 0.0]], [[733.3333333333333, 0.0], [833.3333333333333, 0.0], [833.3333333333333, 100.0], [733.3333333333333, 100.0], [733.3333333333333, 0.0]]]"
40,"shapes2_clus","[0,1]","shapes2_clus优化解，76%",750,765000,8,"[0, 1, 2, 3, 3, 3, 3, 4, 4, 4, 4, 5, 5, 5, 5, 6, 6, 6, 6, 7, 7, 7, 7]","[0, 0, 0, 0, 0, 0, 0, 0, 0, 0, 0, 1, 1, 0, 0, 0, 0, 1, 1, 0, 0, 0, 0]","[[[150.0, 500.0], [200.0, 650.0], [100.0, 600.0], [0.0, 650.0], [50.0, 550.0], [0.0, 400.0], [0.0, 250.0], [50.0, 150.0], [0.0, 0.0], [100.0, 50.0], [200.0, 0.0], [150.0, 100.0], [200.0, 250.0], [200.0, 400.0]], [[183.33333333333331, 50.0], [283.3333333333333, 0.0], [383.3333333333333, 50.0], [383.3333333333333, 200.0], [333.3333333333333, 300.0], [383.3333333333333, 450.0], [383.3333333333333, 600.0], [283.3333333333333, 650.0], [183.33333333333331, 600.0], [183.33333333333331, 450.0], [233.33333333333331, 350.0], [183.33333333333331, 200.0], [183.33333333333331, 50.0]], [[363.33333333333326, 240.0], [463.33333333333326, 190.0], [563.3333333333333, 240.0], [563.3333333333333, 390.0], [513.3333333333333, 490.0], [563.3333333333333, 640.0], [463.33333333333326, 590.0], [363.33333333333326, 640.0], [413.33333333333326, 540.0], [363.33333333333326, 390.0], [363.33333333333326, 240.0]], [[476.30525439999997, 0.0], [576.3052544, 0.0], [626.3052544, 50.0], [626.3052544, 150.0], [576.3052544, 200.0], [476.30525439999997, 200.0], [426.30525439999997, 150.0], [426.30525439999997, 50.0], [476.30525439999997, 0.0]], [[613.3052544, 398.0], [713.3052544, 398.0], [763.3052544, 448.0], [763.3052544, 548.0], [713.3052544, 598.0], [613.3052544, 598.0], [563.3052544, 548.0], [563.3052544, 448.0], [613.3052544, 398.0]], [[613.3333333333333, 195.94384213333342], [713.3333333333333, 195.94384213333342], [763.3333333333333, 245.94384213333342], [763.3333333333333, 345.9438421333334], [713.3333333333333, 395.9438421333334], [613.3333333333333, 395.9438421333334], [563.3333333333333, 345.9438421333334], [563.3333333333333, 245.94384213333342], [613.3333333333333, 195.94384213333342]], [[761.3052544, 550.0], [861.3052544, 550.0], [911.3052544, 600.0], [911.3052544, 700.0], [861.3052544, 750.0], [761.3052544, 750.0], [711.3052544, 700.0], [711.3052544, 600.0], [761.3052544, 550.0]], [[736.3052544, 150.0], [836.3052544, 200.0], [936.3052544, 150.0], [886.3052544, 250.0], [936.3052544, 400.0], [836.3052544, 350.0], [736.3052544, 400.0], [786.3052544, 300.0], [736.3052544, 150.0]], [[886.3052544, 500.0], [986.3052544, 550.0], [1086.3052544, 500.0], [1036.3052544, 600.0], [1086.3052544, 750.0], [986.3052544, 700.0], [886.3052544, 750.0], [936.3052544, 650.0], [886.3052544, 500.0]], [[886.3052544, 250.0], [986.3052544, 300.0], [1086.3052544, 250.0], [1036.3052544, 350.0], [1086.3052544, 500.0], [986.3052544, 450.0], [886.3052544, 500.0], [936.3052544, 400.0], [886.3052544, 250.0]], [[886.3052544, 0.0], [986.3052544, 50.0], [1086.3052544, 0.0], [1036.3052544, 100.0], [1086.3052544, 250.0], [986.3052544, 200.0], [886.3052544, 250.0], [936.3052544, 150.0], [886.3052544, 0.0]], [[1336.3052544, 650.0], [1086.3052544, 650.0], [1086.3052544, 400.0], [1136.3052544, 400.0], [1186.3052544, 500.0], [1236.3052544, 550.0], [1336.3052544, 600.0], [1336.3052544, 650.0]], [[1336.3052544, 325.0], [1086.3052544, 325.0], [1086.3052544, 75.0], [1136.3052544, 75.0], [1186.3052544, 175.0], [1236.3052544, 225.0], [1336.3052544, 275.0], [1336.3052544, 325.0]], [[1086.3052544, 325.0], [1336.3052544, 325.0], [1336.3052544, 575.0], [1286.3052544, 575.0], [1236.3052544, 475.0], [1186.3052544, 425.0], [1086.3052544, 375.0], [1086.3052544, 325.0]], [[1086.3052544, 0.0], [1336.3052544, 0.0], [1336.3052544, 250.0], [1286.3052544, 250.0], [1236.3052544, 150.0], [1186.3052544, 100.0], [1086.3052544, 50.0], [1086.3052544, 0.0]], [[443.33333333333326, 600.0], [543.3333333333333, 750.0], [343.33333333333326, 750.0], [443.33333333333326, 600.0]], [[799.9999999999999, 0.0], [899.9999999999999, 150.0], [699.9999999999999, 150.0], [799.9999999999999, 0.0]], [[831.3052544, 550.0], [731.3052544, 400.0], [931.3052544, 400.0], [831.3052544, 550.0]], [[696.4859605333332, 155.27105919999997], [596.4859605333332, 5.271059199999968], [796.4859605333332, 5.271059199999968], [696.4859605333332, 155.27105919999997]], [[0.0, 650.0], [100.0, 650.0], [100.0, 750.0], [0.0, 750.0], [0.0, 650.0]], [[536.6666666666666, 640.0], [636.6666666666666, 640.0], [636.6666666666666, 740.0], [536.6666666666666, 740.0], [536.6666666666666, 640.0]], [[200.0, 650.0], [300.0, 650.0], [300.0, 750.0], [200.0, 750.0], [200.0, 650.0]], [[100.0, 650.0], [200.0, 650.0], [200.0, 750.0], [100.0, 750.0], [100.0, 650.0]]]"
